Timestamp,Temp_C,Humidity,Target_10m,Target_30m,Target_60m
2026-01-23 23:10:00,28.4,62.8,27.8,27.6,27.6
2026-01-23 23:15:00,27.7,62.7,27.6,27.6,27.6
2026-01-23 23:20:00,27.8,62.9,27.6,27.6,27.6
2026-01-23 23:25:00,27.6,63.0,27.6,27.7,27.6
2026-01-23 23:30:00,27.6,62.6,27.6,27.6,27.6
2026-01-23 23:35:00,27.6,62.3,27.6,27.5,27.6
2026-01-23 23:40:00,27.6,62.6,27.6,27.6,27.6
2026-01-23 23:45:00,27.6,62.6,27.7,27.6,27.6
2026-01-23 23:50:00,27.6,63.0,27.6,27.6,27.6
2026-01-23 23:55:00,27.7,62.5,27.5,27.6,27.6
2026-01-24 00:00:00,27.6,62.8,27.6,27.6,27.6
2026-01-24 00:05:00,27.5,63.0,27.6,27.6,27.6
2026-01-24 00:10:00,27.6,64.0,27.6,27.6,27.6
2026-01-24 00:15:00,27.6,64.0,27.6,27.6,27.6
2026-01-24 00:20:00,27.6,63.7,27.6,27.6,27.6
2026-01-24 00:25:00,27.6,64.2,27.6,27.6,27.6
2026-01-24 00:30:00,27.6,64.3,27.6,27.6,27.6
2026-01-24 00:35:00,27.6,63.8,27.6,27.6,27.6
2026-01-24 00:40:00,27.6,64.2,27.6,27.6,27.6
2026-01-24 00:45:00,27.6,63.7,27.6,27.6,27.6
2026-01-24 00:50:00,27.6,63.5,27.6,27.6,27.6
2026-01-24 00:55:00,27.6,63.4,27.6,27.6,27.6
2026-01-24 01:00:00,27.6,63.6,27.6,27.6,27.6
2026-01-24 01:05:00,27.6,64.0,27.6,27.6,27.6
2026-01-24 01:10:00,27.6,63.7,27.6,27.6,27.6
2026-01-24 01:15:00,27.6,63.7,27.6,27.6,27.6
2026-01-24 01:20:00,27.6,64.8,27.6,27.6,27.6
2026-01-24 01:25:00,27.6,65.0,27.6,27.6,27.6
2026-01-24 01:30:00,27.6,64.2,27.6,27.6,27.6
2026-01-24 01:35:00,27.6,64.2,27.6,27.6,27.6
2026-01-24 01:40:00,27.6,65.0,27.6,27.6,27.6
2026-01-24 01:45:00,27.6,65.0,27.6,27.6,27.5
2026-01-24 01:50:00,27.6,64.5,27.6,27.6,27.5
2026-01-24 01:55:00,27.6,64.2,27.6,27.6,27.6
2026-01-24 02:00:00,27.6,64.0,27.6,27.6,27.5
2026-01-24 02:05:00,27.6,64.0,27.6,27.6,27.6
2026-01-24 02:10:00,27.6,64.1,27.6,27.6,27.5
2026-01-24 02:15:00,27.6,64.0,27.6,27.5,27.6
2026-01-24 02:20:00,27.6,64.2,27.6,27.5,27.5
2026-01-24 02:25:00,27.6,64.1,27.6,27.6,27.5
2026-01-24 02:30:00,27.6,64.2,27.6,27.5,27.5
2026-01-24 02:35:00,27.6,64.3,27.5,27.6,27.5
2026-01-24 02:40:00,27.6,64.2,27.5,27.5,27.5
2026-01-24 02:45:00,27.5,64.2,27.6,27.6,27.5
2026-01-24 02:50:00,27.5,64.1,27.5,27.5,27.5
2026-01-24 02:55:00,27.6,64.4,27.6,27.5,27.5
2026-01-24 03:00:00,27.5,64.2,27.5,27.5,27.5
2026-01-24 03:05:00,27.6,64.6,27.6,27.5,27.5
2026-01-24 03:10:00,27.5,64.3,27.5,27.5,27.5
2026-01-24 03:15:00,27.6,64.2,27.5,27.5,27.5
2026-01-24 03:20:00,27.5,64.2,27.5,27.5,27.5
2026-01-24 03:25:00,27.5,64.2,27.5,27.5,27.5
2026-01-24 03:30:00,27.5,64.1,27.5,27.5,27.5
2026-01-24 03:35:00,27.5,64.4,27.5,27.5,27.5
2026-01-24 03:40:00,27.5,64.4,27.5,27.5,27.5
2026-01-24 03:45:00,27.5,64.6,27.5,27.5,27.5
2026-01-24 03:50:00,27.5,64.8,27.5,27.5,27.5
2026-01-24 03:55:00,27.5,64.7,27.5,27.5,27.4
2026-01-24 04:00:00,27.5,64.8,27.5,27.5,27.5
2026-01-24 04:05:00,27.5,65.4,27.5,27.5,27.5
2026-01-24 04:10:00,27.5,65.3,27.5,27.5,27.4
2026-01-24 04:15:00,27.5,65.2,27.5,27.5,27.4
2026-01-24 04:20:00,27.5,65.2,27.5,27.5,27.5
2026-01-24 04:25:00,27.5,65.1,27.5,27.4,27.4
2026-01-24 04:30:00,27.5,65.0,27.5,27.5,27.5
2026-01-24 04:35:00,27.5,65.3,27.5,27.5,27.5
2026-01-24 04:40:00,27.5,65.6,27.5,27.4,27.5
2026-01-24 04:45:00,27.5,65.4,27.4,27.4,27.5
2026-01-24 04:50:00,27.5,65.7,27.5,27.5,27.5
2026-01-24 04:55:00,27.4,65.9,27.5,27.4,27.4
2026-01-24 05:00:00,27.5,66.2,27.4,27.5,27.4
2026-01-24 05:05:00,27.5,65.4,27.4,27.5,27.4
2026-01-24 05:10:00,27.4,65.5,27.5,27.5,27.4
2026-01-24 05:15:00,27.4,65.1,27.4,27.5,27.4
2026-01-24 05:20:00,27.5,66.0,27.5,27.5,27.4
2026-01-24 05:25:00,27.4,65.0,27.5,27.4,27.4
2026-01-24 05:30:00,27.5,65.5,27.5,27.4,27.4
2026-01-24 05:35:00,27.5,65.1,27.5,27.4,27.4
2026-01-24 05:40:00,27.5,65.6,27.5,27.4,27.4
2026-01-24 05:45:00,27.5,65.3,27.4,27.4,27.4
2026-01-24 05:50:00,27.5,65.7,27.4,27.4,27.4
2026-01-24 05:55:00,27.4,65.4,27.4,27.4,27.4
2026-01-24 06:00:00,27.4,65.6,27.4,27.4,27.4
2026-01-24 06:05:00,27.4,65.3,27.4,27.4,27.4
2026-01-24 06:10:00,27.4,65.2,27.4,27.4,27.4
2026-01-24 06:15:00,27.4,65.2,27.4,27.4,27.4
2026-01-24 06:20:00,27.4,65.0,27.4,27.4,27.4
2026-01-24 06:25:00,27.4,65.5,27.4,27.4,27.4
2026-01-24 06:30:00,27.4,65.7,27.4,27.4,27.4
2026-01-24 06:35:00,27.4,65.1,27.4,27.4,27.4
2026-01-24 06:40:00,27.4,64.8,27.4,27.4,27.4
2026-01-24 06:45:00,27.4,65.7,27.4,27.4,27.4
2026-01-24 06:50:00,27.4,65.4,27.4,27.4,27.4
2026-01-24 06:55:00,27.4,65.9,27.4,27.4,27.4
2026-01-24 07:00:00,27.4,65.0,27.4,27.4,27.4
2026-01-24 07:05:00,27.4,64.8,27.4,27.4,27.4
2026-01-24 07:10:00,27.4,65.5,27.4,27.4,27.4
2026-01-24 07:15:00,27.4,64.8,27.4,27.4,27.4
2026-01-24 07:20:00,27.4,64.5,27.4,27.4,27.4
2026-01-24 07:25:00,27.4,65.8,27.4,27.4,27.4
2026-01-24 07:30:00,27.4,65.6,27.4,27.4,27.4
2026-01-24 07:35:00,27.4,65.5,27.4,27.4,27.4
2026-01-24 07:40:00,27.4,65.3,27.4,27.4,27.4
2026-01-24 07:45:00,27.4,65.3,27.4,27.4,27.4
2026-01-24 07:50:00,27.4,65.4,27.4,27.4,27.4
2026-01-24 07:55:00,27.4,65.1,27.4,27.4,27.4
2026-01-24 08:00:00,27.4,65.0,27.4,27.4,27.4
2026-01-24 08:05:00,27.4,64.8,27.4,27.4,27.4
2026-01-24 08:10:00,27.4,65.2,27.4,27.4,27.4
2026-01-24 08:15:00,27.4,65.4,27.4,27.4,27.5
2026-01-24 08:20:00,27.4,65.5,27.4,27.4,27.4
2026-01-24 08:25:00,27.4,65.5,27.4,27.4,27.4
2026-01-24 08:30:00,27.4,65.6,27.4,27.4,27.4
2026-01-24 08:35:00,27.4,65.8,27.4,27.4,27.5
2026-01-24 08:40:00,27.4,65.7,27.4,27.4,27.4
2026-01-24 08:45:00,27.4,65.2,27.4,27.5,27.4
2026-01-24 08:50:00,27.4,66.0,27.4,27.4,27.5
2026-01-24 08:55:00,27.4,65.3,27.4,27.4,27.5
2026-01-24 09:00:00,27.4,65.7,27.4,27.4,27.4
2026-01-24 09:05:00,27.4,65.3,27.5,27.5,27.4
2026-01-24 09:10:00,27.4,65.6,27.4,27.4,27.5
2026-01-24 09:15:00,27.5,65.6,27.4,27.4,27.5
2026-01-24 09:20:00,27.4,65.8,27.4,27.5,27.5
2026-01-24 09:25:00,27.4,65.8,27.5,27.5,28.0
2026-01-24 09:30:00,27.4,65.6,27.4,27.4,27.7
2026-01-24 09:35:00,27.5,65.6,27.4,27.4,27.6
2026-01-24 09:40:00,27.4,65.6,27.5,27.5,27.6
2026-01-24 09:45:00,27.4,66.3,27.5,27.5,27.6
2026-01-24 09:50:00,27.5,66.4,27.4,27.5,27.6
2026-01-24 09:55:00,27.5,66.4,27.4,28.0,27.6
2026-01-24 10:00:00,27.4,66.7,27.5,27.7,27.6
2026-01-24 10:05:00,27.4,65.8,27.5,27.6,27.7
2026-01-24 10:10:00,27.5,66.6,27.5,27.6,27.7
2026-01-24 10:15:00,27.5,66.7,28.0,27.6,27.7
2026-01-24 10:20:00,27.5,66.7,27.7,27.6,27.7
2026-01-24 10:25:00,28.0,70.4,27.6,27.6,27.7
2026-01-24 10:30:00,27.7,66.6,27.6,27.6,27.7
2026-01-24 10:35:00,27.6,67.8,27.6,27.7,27.7
2026-01-24 10:40:00,27.6,68.2,27.6,27.7,27.7
2026-01-24 10:45:00,27.6,68.5,27.6,27.7,27.7
2026-01-24 10:50:00,27.6,68.7,27.6,27.7,27.7
2026-01-24 10:55:00,27.6,68.7,27.7,27.7,27.7
2026-01-24 11:00:00,27.6,69.5,27.7,27.7,27.7
2026-01-24 11:05:00,27.7,68.9,27.7,27.7,27.7
2026-01-24 11:10:00,27.7,70.4,27.7,27.7,27.7
2026-01-24 11:15:00,27.7,70.8,27.7,27.7,27.7
2026-01-24 11:20:00,27.7,71.2,27.7,27.7,27.7
2026-01-24 11:25:00,27.7,71.7,27.7,27.7,27.7
2026-01-24 11:30:00,27.7,72.0,27.7,27.7,27.7
2026-01-24 11:35:00,27.7,71.9,27.7,27.7,27.7
2026-01-24 11:40:00,27.7,71.7,27.7,27.7,27.7
2026-01-24 11:45:00,27.7,71.8,27.7,27.7,27.7
2026-01-24 11:50:00,27.7,71.6,27.7,27.7,27.7
2026-01-24 11:55:00,27.7,71.4,27.7,27.7,27.7
2026-01-24 12:00:00,27.7,71.4,27.7,27.7,27.7
2026-01-24 12:05:00,27.7,71.1,27.7,27.7,27.7
2026-01-24 12:10:00,27.7,71.0,27.7,27.7,27.7
2026-01-24 12:15:00,27.7,70.9,27.7,27.7,27.7
2026-01-24 12:20:00,27.7,70.7,27.7,27.7,27.7
2026-01-24 12:25:00,27.7,70.6,27.7,27.7,27.7
2026-01-24 12:30:00,27.7,70.5,27.7,27.7,27.7
2026-01-24 12:35:00,27.7,70.5,27.7,27.7,27.6
2026-01-24 12:40:00,27.7,70.5,27.7,27.7,27.6
2026-01-24 12:45:00,27.7,70.3,27.7,27.7,27.6
2026-01-24 12:50:00,27.7,70.2,27.7,27.7,27.6
2026-01-24 12:55:00,27.7,70.1,27.7,27.7,27.6
2026-01-24 13:00:00,27.7,70.3,27.7,27.7,27.6
2026-01-24 13:05:00,27.7,70.4,27.7,27.6,27.7
2026-01-24 13:10:00,27.7,70.3,27.7,27.6,27.7
2026-01-24 13:15:00,27.7,70.1,27.7,27.6,27.7
2026-01-24 13:20:00,27.7,70.2,27.7,27.6,27.6
2026-01-24 13:25:00,27.7,70.3,27.6,27.6,27.7
2026-01-24 13:30:00,27.7,70.2,27.6,27.6,27.6
2026-01-24 13:35:00,27.6,70.1,27.6,27.7,27.6
2026-01-24 13:40:00,27.6,70.1,27.6,27.7,27.6
2026-01-24 13:45:00,27.6,70.3,27.6,27.7,27.7
2026-01-24 13:50:00,27.6,69.8,27.6,27.6,27.7
2026-01-24 13:55:00,27.6,70.0,27.7,27.7,27.7
2026-01-24 14:00:00,27.6,70.1,27.7,27.6,27.7
2026-01-24 14:05:00,27.7,70.2,27.7,27.6,27.7
2026-01-24 14:10:00,27.7,70.0,27.6,27.6,27.7
2026-01-24 14:15:00,27.7,70.2,27.7,27.7,27.6
2026-01-24 14:20:00,27.6,70.0,27.6,27.7,27.6
2026-01-24 14:25:00,27.7,70.0,27.6,27.7,27.6
2026-01-24 14:30:00,27.6,69.3,27.6,27.7,27.6
2026-01-24 14:35:00,27.6,70.0,27.7,27.7,27.6
2026-01-24 14:40:00,27.6,69.7,27.7,27.7,27.7
2026-01-24 14:45:00,27.7,69.9,27.7,27.6,27.6
2026-01-24 14:50:00,27.7,69.8,27.7,27.6,27.6
2026-01-24 14:55:00,27.7,69.9,27.7,27.6,27.6
2026-01-24 15:00:00,27.7,69.8,27.7,27.6,27.7
2026-01-24 15:05:00,27.7,69.7,27.6,27.6,27.6
2026-01-24 15:10:00,27.7,69.8,27.6,27.7,27.7
2026-01-24 15:15:00,27.6,69.5,27.6,27.6,27.7
2026-01-24 15:20:00,27.6,69.1,27.6,27.6,27.7
2026-01-24 15:25:00,27.6,69.5,27.6,27.6,27.6
2026-01-24 15:30:00,27.6,69.4,27.7,27.7,27.7
2026-01-24 15:35:00,27.6,69.4,27.6,27.6,27.7
2026-01-24 15:40:00,27.7,69.3,27.6,27.7,27.7
2026-01-24 15:45:00,27.6,68.8,27.6,27.7,27.7
2026-01-24 15:50:00,27.6,69.2,27.7,27.7,27.6
2026-01-24 15:55:00,27.6,69.1,27.6,27.6,27.6
2026-01-24 16:00:00,27.7,68.8,27.7,27.7,27.7
2026-01-24 16:05:00,27.6,68.5,27.7,27.7,27.6
2026-01-24 16:10:00,27.7,67.9,27.7,27.7,27.6
2026-01-24 16:15:00,27.7,68.5,27.6,27.7,27.6
2026-01-24 16:20:00,27.7,68.1,27.7,27.6,27.6
2026-01-24 16:25:00,27.6,68.0,27.7,27.6,27.6
2026-01-24 16:30:00,27.7,68.5,27.7,27.7,27.6
2026-01-24 16:35:00,27.7,68.4,27.7,27.6,27.6
2026-01-24 16:40:00,27.7,68.3,27.6,27.6,27.7
2026-01-24 16:45:00,27.7,68.0,27.6,27.6,27.6
2026-01-24 16:50:00,27.6,67.9,27.7,27.6,27.6
2026-01-24 16:55:00,27.6,67.8,27.6,27.6,27.6
2026-01-24 17:00:00,27.7,68.0,27.6,27.6,27.6
2026-01-24 17:05:00,27.6,67.5,27.6,27.6,27.6
2026-01-24 17:10:00,27.6,67.5,27.6,27.7,27.6
2026-01-24 17:15:00,27.6,67.1,27.6,27.6,27.6
2026-01-24 17:20:00,27.6,67.4,27.6,27.6,27.6
2026-01-24 17:25:00,27.6,67.7,27.6,27.6,27.6
2026-01-24 17:30:00,27.6,67.2,27.7,27.6,27.6
2026-01-24 17:35:00,27.6,67.7,27.6,27.6,27.6
2026-01-24 17:40:00,27.7,66.6,27.6,27.6,27.6
2026-01-24 17:45:00,27.6,65.1,27.6,27.6,27.6
2026-01-24 17:50:00,27.6,66.1,27.6,27.6,27.6
2026-01-24 17:55:00,27.6,67.0,27.6,27.6,27.6
2026-01-24 18:00:00,27.6,66.5,27.6,27.6,27.5
2026-01-24 18:05:00,27.6,66.5,27.6,27.6,27.5
2026-01-24 18:10:00,27.6,66.0,27.6,27.6,27.6
2026-01-24 18:15:00,27.6,65.9,27.6,27.6,27.6
2026-01-24 18:20:00,27.6,65.6,27.6,27.6,27.5
2026-01-24 18:25:00,27.6,66.9,27.6,27.6,27.5
2026-01-24 18:30:00,27.6,67.0,27.6,27.5,27.5
2026-01-24 18:35:00,27.6,66.2,27.6,27.5,27.5
2026-01-24 18:40:00,27.6,66.5,27.6,27.6,27.5
2026-01-24 18:45:00,27.6,66.3,27.6,27.6,27.5
2026-01-24 18:50:00,27.6,66.6,27.5,27.5,27.5
2026-01-24 18:55:00,27.6,66.4,27.5,27.5,27.5
2026-01-24 19:00:00,27.5,66.7,27.6,27.5,27.5
2026-01-24 19:05:00,27.5,66.4,27.6,27.5,27.5
2026-01-24 19:10:00,27.6,65.9,27.5,27.5,27.5
2026-01-24 19:15:00,27.6,66.3,27.5,27.5,27.5
2026-01-24 19:20:00,27.5,66.3,27.5,27.5,27.5
2026-01-24 19:25:00,27.5,65.6,27.5,27.5,27.5
2026-01-24 19:30:00,27.5,65.6,27.5,27.5,27.5
2026-01-24 19:35:00,27.5,65.0,27.5,27.5,27.5
2026-01-24 19:40:00,27.5,66.0,27.5,27.5,27.5
2026-01-24 19:45:00,27.5,65.9,27.5,27.5,27.5
2026-01-24 19:50:00,27.5,65.4,27.5,27.5,27.5
2026-01-24 19:55:00,27.5,65.4,27.5,27.5,27.5
2026-01-24 20:00:00,27.5,65.1,27.5,27.5,27.5
2026-01-24 20:05:00,27.5,65.0,27.5,27.5,27.5
2026-01-24 20:10:00,27.5,65.3,27.5,27.5,27.5
2026-01-24 20:15:00,27.5,65.1,27.5,27.5,27.5
2026-01-24 20:20:00,27.5,65.3,27.5,27.5,27.5
2026-01-24 20:25:00,27.5,65.2,27.5,27.5,27.5
2026-01-24 20:30:00,27.5,64.7,27.5,27.5,27.5
2026-01-24 20:35:00,27.5,65.4,27.5,27.5,27.5
2026-01-24 20:40:00,27.5,64.7,27.5,27.5,27.5
2026-01-24 20:45:00,27.5,64.3,27.5,27.5,27.5
2026-01-24 20:50:00,27.5,65.1,27.5,27.5,27.5
2026-01-24 20:55:00,27.5,65.0,27.5,27.5,27.5
2026-01-24 21:00:00,27.5,64.9,27.5,27.5,27.5
2026-01-24 21:05:00,27.5,64.9,27.5,27.5,27.5
2026-01-24 21:10:00,27.5,65.1,27.5,27.5,27.5
2026-01-24 21:15:00,27.5,65.0,27.5,27.5,27.5
2026-01-24 21:20:00,27.5,64.1,27.5,27.5,27.5
2026-01-24 21:25:00,27.5,65.6,27.5,27.5,27.5
2026-01-24 21:30:00,27.5,65.1,27.5,27.5,27.5
2026-01-24 21:35:00,27.5,65.5,27.5,27.5,27.5
2026-01-24 21:40:00,27.5,65.1,27.5,27.5,27.5
2026-01-24 21:45:00,27.5,65.6,27.5,27.5,27.5
2026-01-24 21:50:00,27.5,65.4,27.5,27.5,27.5
2026-01-24 21:55:00,27.5,65.6,27.5,27.5,27.5
2026-01-24 22:00:00,27.5,65.8,27.5,27.5,27.5
2026-01-24 22:05:00,27.5,65.7,27.5,27.5,27.5
2026-01-24 22:10:00,27.5,65.8,27.5,27.5,27.5
2026-01-24 22:15:00,27.5,65.9,27.5,27.5,27.5
2026-01-24 22:20:00,27.5,66.0,27.5,27.5,27.4
2026-01-24 22:25:00,27.5,66.2,27.5,27.5,27.5
2026-01-24 22:30:00,27.5,66.1,27.5,27.5,27.5
2026-01-24 22:35:00,27.5,65.4,27.5,27.5,27.5
2026-01-24 22:40:00,27.5,64.8,27.5,27.5,27.5
2026-01-24 22:45:00,27.5,64.9,27.5,27.5,27.5
2026-01-24 22:50:00,27.5,65.0,27.5,27.4,27.5
2026-01-24 22:55:00,27.5,65.2,27.5,27.5,27.4
2026-01-24 23:00:00,27.5,65.2,27.5,27.5,27.4
2026-01-24 23:05:00,27.5,65.6,27.5,27.5,27.5
2026-01-24 23:10:00,27.5,65.3,27.4,27.5,27.4
2026-01-24 23:15:00,27.5,65.2,27.5,27.5,27.5
2026-01-24 23:20:00,27.4,64.4,27.5,27.5,27.5
2026-01-24 23:25:00,27.5,64.6,27.5,27.4,27.5
2026-01-24 23:30:00,27.5,64.6,27.5,27.4,27.5
2026-01-24 23:35:00,27.5,65.2,27.5,27.5,27.5
2026-01-24 23:40:00,27.5,64.8,27.5,27.4,27.5
2026-01-24 23:45:00,27.5,65.2,27.4,27.5,27.5
2026-01-24 23:50:00,27.5,64.4,27.4,27.5,27.5
2026-01-24 23:55:00,27.4,64.7,27.5,27.5,27.5
2026-01-25 00:00:00,27.4,64.7,27.4,27.5,27.5
2026-01-25 00:05:00,27.5,64.7,27.5,27.5,27.5
2026-01-25 00:10:00,27.4,64.8,27.5,27.5,27.5
2026-01-25 00:15:00,27.5,64.9,27.5,27.5,27.5
2026-01-25 00:20:00,27.5,64.7,27.5,27.5,27.5
2026-01-25 00:25:00,27.5,65.1,27.5,27.5,27.4
2026-01-25 00:30:00,27.5,64.9,27.5,27.5,27.5
2026-01-25 00:35:00,27.5,65.3,27.5,27.5,27.5
2026-01-25 00:40:00,27.5,64.2,27.5,27.5,27.5
2026-01-25 00:45:00,27.5,64.8,27.5,27.5,27.5
2026-01-25 00:50:00,27.5,65.0,27.5,27.5,27.5
2026-01-25 00:55:00,27.5,64.8,27.5,27.4,27.5
2026-01-25 01:00:00,27.5,64.9,27.5,27.5,27.5
2026-01-25 01:05:00,27.5,65.2,27.5,27.5,27.5
2026-01-25 01:10:00,27.5,65.4,27.5,27.5,27.5
2026-01-25 01:15:00,27.5,65.3,27.4,27.5,27.5
2026-01-25 01:20:00,27.5,65.3,27.5,27.5,27.5
2026-01-25 01:25:00,27.4,65.1,27.5,27.5,27.5
2026-01-25 01:30:00,27.5,65.4,27.5,27.5,27.5
2026-01-25 01:35:00,27.5,65.3,27.5,27.5,27.5
2026-01-25 01:40:00,27.5,65.5,27.5,27.5,27.5
2026-01-25 01:45:00,27.5,65.8,27.5,27.5,27.5
2026-01-25 01:50:00,27.5,65.7,27.5,27.5,27.5
2026-01-25 01:55:00,27.5,65.7,27.5,27.5,27.5
2026-01-25 02:00:00,27.5,65.5,27.5,27.5,27.5
2026-01-25 02:05:00,27.5,65.8,27.5,27.5,27.5
2026-01-25 02:10:00,27.5,65.5,27.5,27.5,27.5
2026-01-25 02:15:00,27.5,65.9,27.5,27.5,27.5
2026-01-25 02:20:00,27.5,65.6,27.5,27.5,27.5
2026-01-25 02:25:00,27.5,65.7,27.5,27.5,27.4
2026-01-25 02:30:00,27.5,65.7,27.5,27.5,27.4
2026-01-25 02:35:00,27.5,66.1,27.5,27.5,27.4
2026-01-25 02:40:00,27.5,65.9,27.5,27.5,27.4
2026-01-25 02:45:00,27.5,65.8,27.5,27.5,27.4
2026-01-25 02:50:00,27.5,65.8,27.5,27.5,27.4
2026-01-25 02:55:00,27.5,66.1,27.5,27.4,27.4
2026-01-25 03:00:00,27.5,66.0,27.5,27.4,27.4
2026-01-25 03:05:00,27.5,65.7,27.5,27.4,27.4
2026-01-25 03:10:00,27.5,66.2,27.5,27.4,27.4
2026-01-25 03:15:00,27.5,65.9,27.4,27.4,27.4
2026-01-25 03:20:00,27.5,66.0,27.4,27.4,27.4
2026-01-25 03:25:00,27.4,66.0,27.4,27.4,27.4
2026-01-25 03:30:00,27.4,66.1,27.4,27.4,27.4
2026-01-25 03:35:00,27.4,66.0,27.4,27.4,27.4
2026-01-25 03:40:00,27.4,66.0,27.4,27.4,27.4
2026-01-25 03:45:00,27.4,65.9,27.4,27.4,27.4
2026-01-25 03:50:00,27.4,65.9,27.4,27.4,27.4
2026-01-25 03:55:00,27.4,66.1,27.4,27.4,27.4
2026-01-25 04:00:00,27.4,65.9,27.4,27.4,27.4
2026-01-25 04:05:00,27.4,66.2,27.4,27.4,27.4
2026-01-25 04:10:00,27.4,66.3,27.4,27.4,27.4
2026-01-25 04:15:00,27.4,66.1,27.4,27.4,27.4
2026-01-25 04:20:00,27.4,66.0,27.4,27.4,27.3
2026-01-25 04:25:00,27.4,66.2,27.4,27.4,27.3
2026-01-25 04:30:00,27.4,66.0,27.4,27.4,27.3
2026-01-25 04:35:00,27.4,66.1,27.4,27.4,27.3
2026-01-25 04:40:00,27.4,66.3,27.4,27.4,27.3
2026-01-25 04:45:00,27.4,66.0,27.4,27.4,27.4
2026-01-25 04:50:00,27.4,66.1,27.4,27.3,27.4
2026-01-25 04:55:00,27.4,66.1,27.4,27.3,27.4
2026-01-25 05:00:00,27.4,66.2,27.4,27.3,27.4
2026-01-25 05:05:00,27.4,66.2,27.4,27.3,27.4
2026-01-25 05:10:00,27.4,66.4,27.3,27.3,27.3
2026-01-25 05:15:00,27.4,66.1,27.3,27.4,27.3
2026-01-25 05:20:00,27.3,66.1,27.3,27.4,27.3
2026-01-25 05:25:00,27.3,66.3,27.3,27.4,27.3
2026-01-25 05:30:00,27.3,66.4,27.3,27.4,27.3
2026-01-25 05:35:00,27.3,66.5,27.4,27.4,27.3
2026-01-25 05:40:00,27.3,66.3,27.4,27.3,27.3
2026-01-25 05:45:00,27.4,67.1,27.4,27.3,27.3
2026-01-25 05:50:00,27.4,67.1,27.4,27.3,27.3
2026-01-25 05:55:00,27.4,67.8,27.4,27.3,27.4
2026-01-25 06:00:00,27.4,67.7,27.3,27.3,27.3
2026-01-25 06:05:00,27.4,67.8,27.3,27.3,27.3
2026-01-25 06:10:00,27.3,67.7,27.3,27.3,27.3
2026-01-25 06:15:00,27.3,68.0,27.3,27.3,27.3
2026-01-25 06:20:00,27.3,67.7,27.3,27.3,27.4
2026-01-25 06:25:00,27.3,67.8,27.3,27.4,27.4
2026-01-25 06:30:00,27.3,67.9,27.3,27.3,27.3
2026-01-25 06:35:00,27.3,67.9,27.3,27.3,27.3
2026-01-25 06:40:00,27.3,67.8,27.3,27.3,27.3
2026-01-25 06:45:00,27.3,67.8,27.4,27.3,27.3
2026-01-25 06:50:00,27.3,67.7,27.3,27.4,27.3
2026-01-25 06:55:00,27.4,67.5,27.3,27.4,27.3
2026-01-25 07:00:00,27.3,68.0,27.3,27.3,27.3
2026-01-25 07:05:00,27.3,67.9,27.3,27.3,27.3
2026-01-25 07:10:00,27.3,67.9,27.4,27.3,27.3
2026-01-25 07:15:00,27.3,68.0,27.4,27.3,27.3
2026-01-25 07:20:00,27.4,67.9,27.3,27.3,27.4
2026-01-25 07:25:00,27.4,67.8,27.3,27.3,27.3
2026-01-25 07:30:00,27.3,68.0,27.3,27.3,27.3
2026-01-25 07:35:00,27.3,68.0,27.3,27.3,27.4
2026-01-25 07:40:00,27.3,67.9,27.3,27.3,27.4
2026-01-25 07:45:00,27.3,67.8,27.3,27.3,27.4
2026-01-25 07:50:00,27.3,66.6,27.3,27.4,27.4
2026-01-25 07:55:00,27.3,67.7,27.3,27.3,27.4
2026-01-25 08:00:00,27.3,67.9,27.3,27.3,27.4
2026-01-25 08:05:00,27.3,67.1,27.3,27.4,27.3
2026-01-25 08:10:00,27.3,67.6,27.4,27.4,27.4
2026-01-25 08:15:00,27.3,67.4,27.3,27.4,27.4
2026-01-25 08:20:00,27.4,67.4,27.3,27.4,27.4
2026-01-25 08:25:00,27.3,67.1,27.4,27.4,27.4
2026-01-25 08:30:00,27.3,67.2,27.4,27.4,27.4
2026-01-25 08:35:00,27.4,67.7,27.4,27.3,27.4
2026-01-25 08:40:00,27.4,67.7,27.4,27.4,27.4
2026-01-25 08:45:00,27.4,68.0,27.4,27.4,27.4
2026-01-25 08:50:00,27.4,67.7,27.4,27.4,27.4
2026-01-25 08:55:00,27.4,68.1,27.3,27.4,27.4
2026-01-25 09:00:00,27.4,67.3,27.4,27.4,27.4
2026-01-25 09:05:00,27.3,67.6,27.4,27.4,27.4
2026-01-25 09:10:00,27.4,67.5,27.4,27.4,27.4
2026-01-25 09:15:00,27.4,67.7,27.4,27.4,27.4
2026-01-25 09:20:00,27.4,68.1,27.4,27.4,27.4
2026-01-25 09:25:00,27.4,68.5,27.4,27.4,27.5
2026-01-25 09:30:00,27.4,68.6,27.4,27.4,27.5
2026-01-25 09:35:00,27.4,68.5,27.4,27.4,27.5
2026-01-25 09:40:00,27.4,68.4,27.4,27.4,27.5
2026-01-25 09:45:00,27.4,68.4,27.4,27.4,27.5
2026-01-25 09:50:00,27.4,71.4,27.4,27.4,27.5
2026-01-25 09:55:00,27.4,71.0,27.4,27.5,27.5
2026-01-25 10:00:00,27.4,70.7,27.4,27.5,27.5
2026-01-25 10:05:00,27.4,70.6,27.4,27.5,27.5
2026-01-25 10:10:00,27.4,70.5,27.4,27.5,27.5
2026-01-25 10:15:00,27.4,70.4,27.5,27.5,27.5
2026-01-25 10:20:00,27.4,70.7,27.5,27.5,27.6
2026-01-25 10:25:00,27.5,70.5,27.5,27.5,27.5
2026-01-25 10:30:00,27.5,70.9,27.5,27.5,27.5
2026-01-25 10:35:00,27.5,70.9,27.5,27.5,27.6
2026-01-25 10:40:00,27.5,71.8,27.5,27.5,27.5
2026-01-25 10:45:00,27.5,72.4,27.5,27.5,27.5
2026-01-25 10:50:00,27.5,71.6,27.5,27.6,27.5
2026-01-25 10:55:00,27.5,72.8,27.5,27.5,27.5
2026-01-25 11:00:00,27.5,72.9,27.5,27.5,27.5
2026-01-25 11:05:00,27.5,73.1,27.5,27.6,27.5
2026-01-25 11:10:00,27.5,73.8,27.6,27.5,27.5
2026-01-25 11:15:00,27.5,73.5,27.5,27.5,27.5
2026-01-25 11:20:00,27.6,73.5,27.5,27.5,27.5
2026-01-25 11:25:00,27.5,73.3,27.6,27.5,27.5
2026-01-25 11:30:00,27.5,73.1,27.5,27.5,27.5
2026-01-25 11:35:00,27.6,72.7,27.5,27.5,27.5
2026-01-25 11:40:00,27.5,72.5,27.5,27.5,27.5
2026-01-25 11:45:00,27.5,72.4,27.5,27.5,27.5
2026-01-25 11:50:00,27.5,71.6,27.5,27.5,27.5
2026-01-25 11:55:00,27.5,71.5,27.5,27.5,27.5
2026-01-25 12:00:00,27.5,71.6,27.5,27.5,27.5
2026-01-25 12:05:00,27.5,71.1,27.5,27.5,27.5
2026-01-25 12:10:00,27.5,70.5,27.5,27.5,27.5
2026-01-25 12:15:00,27.5,70.4,27.5,27.5,27.5
2026-01-25 12:20:00,27.5,70.8,27.5,27.5,27.5
2026-01-25 12:25:00,27.5,71.0,27.5,27.5,27.5
2026-01-25 12:30:00,27.5,70.2,27.5,27.5,27.5
2026-01-25 12:35:00,27.5,71.0,27.5,27.5,27.5
2026-01-25 12:40:00,27.5,70.9,27.5,27.5,27.5
2026-01-25 12:45:00,27.5,71.0,27.5,27.5,27.5
2026-01-25 12:50:00,27.5,71.0,27.5,27.5,27.5
2026-01-25 12:55:00,27.5,70.9,27.5,27.5,27.5
2026-01-25 13:00:00,27.5,70.5,27.5,27.5,27.5
2026-01-25 13:05:00,27.5,70.8,27.5,27.5,27.5
2026-01-25 13:10:00,27.5,70.9,27.5,27.5,27.5
2026-01-25 13:15:00,27.5,70.6,27.5,27.5,27.5
2026-01-25 13:20:00,27.5,70.4,27.5,27.5,27.5
2026-01-25 13:25:00,27.5,70.6,27.5,27.5,27.5
2026-01-25 13:30:00,27.5,70.6,27.5,27.5,27.5
2026-01-25 13:35:00,27.5,70.6,27.5,27.5,27.5
2026-01-25 13:40:00,27.5,70.5,27.5,27.5,27.5
2026-01-25 13:45:00,27.5,69.9,27.5,27.5,27.5
2026-01-25 13:50:00,27.5,70.2,27.5,27.5,27.5
2026-01-25 13:55:00,27.5,70.0,27.5,27.5,27.5
2026-01-25 14:00:00,27.5,70.3,27.5,27.5,27.5
2026-01-25 14:05:00,27.5,70.3,27.5,27.5,27.5
2026-01-25 14:10:00,27.5,70.1,27.5,27.5,27.5
2026-01-25 14:15:00,27.5,70.2,27.5,27.5,27.5
2026-01-25 14:20:00,27.5,70.3,27.5,27.5,27.5
2026-01-25 14:25:00,27.5,70.3,27.5,27.5,27.5
2026-01-25 14:30:00,27.5,70.3,27.5,27.5,27.5
2026-01-25 14:35:00,27.5,70.6,27.5,27.5,27.5
2026-01-25 14:40:00,27.5,70.6,27.5,27.5,27.5
2026-01-25 14:45:00,27.5,70.7,27.5,27.5,27.5
2026-01-25 14:50:00,27.5,70.9,27.5,27.5,27.5
2026-01-25 14:55:00,27.5,71.0,27.5,27.5,27.5
2026-01-25 15:00:00,27.5,71.1,27.5,27.5,27.5
2026-01-25 15:05:00,27.5,71.2,27.5,27.5,27.6
2026-01-25 15:10:00,27.5,71.2,27.5,27.5,27.6
2026-01-25 15:15:00,27.5,71.1,27.5,27.5,27.6
2026-01-25 15:20:00,27.5,70.6,27.5,27.5,27.6
2026-01-25 15:25:00,27.5,71.1,27.5,27.5,27.6
2026-01-25 15:30:00,27.5,70.5,27.5,27.5,27.6
2026-01-25 15:35:00,27.5,71.1,27.5,27.6,27.6
2026-01-25 15:40:00,27.5,70.7,27.5,27.6,27.6
2026-01-25 15:45:00,27.5,71.2,27.5,27.6,27.6
2026-01-25 15:50:00,27.5,71.2,27.5,27.6,27.6
2026-01-25 15:55:00,27.5,71.2,27.6,27.6,27.6
2026-01-25 16:00:00,27.5,71.2,27.6,27.6,27.6
2026-01-25 16:05:00,27.6,71.6,27.6,27.6,27.6
2026-01-25 16:10:00,27.6,71.5,27.6,27.6,27.6
2026-01-25 16:15:00,27.6,71.3,27.6,27.6,27.6
2026-01-25 16:20:00,27.6,71.2,27.6,27.6,27.7
2026-01-25 16:25:00,27.6,71.2,27.6,27.6,27.6
2026-01-25 16:30:00,27.6,70.7,27.6,27.6,27.6
2026-01-25 16:35:00,27.6,70.8,27.6,27.6,27.6
2026-01-25 16:40:00,27.6,71.1,27.6,27.6,27.6
2026-01-25 16:45:00,27.6,71.0,27.6,27.6,27.6
2026-01-25 16:50:00,27.6,70.5,27.6,27.7,27.6
2026-01-25 16:55:00,27.6,70.7,27.6,27.6,27.6
2026-01-25 17:00:00,27.6,70.8,27.6,27.6,27.6
2026-01-25 17:05:00,27.6,70.4,27.6,27.6,27.6
2026-01-25 17:10:00,27.6,70.7,27.7,27.6,27.6
2026-01-25 17:15:00,27.6,70.4,27.6,27.6,27.6
2026-01-25 17:20:00,27.7,69.9,27.6,27.6,27.6
2026-01-25 17:25:00,27.6,70.0,27.6,27.6,27.5
2026-01-25 17:30:00,27.6,69.5,27.6,27.6,27.6
2026-01-25 17:35:00,27.6,70.0,27.6,27.6,27.5
2026-01-25 17:40:00,27.6,69.7,27.6,27.6,27.5
2026-01-25 17:45:00,27.6,69.3,27.6,27.6,27.5
2026-01-25 17:50:00,27.6,69.3,27.6,27.6,27.5
2026-01-25 17:55:00,27.6,68.7,27.6,27.5,27.5
2026-01-25 18:00:00,27.6,69.0,27.6,27.6,27.5
2026-01-25 18:05:00,27.6,69.1,27.6,27.5,27.5
2026-01-25 18:10:00,27.6,68.9,27.6,27.5,27.5
2026-01-25 18:15:00,27.6,68.7,27.5,27.5,27.5
2026-01-25 18:20:00,27.6,68.9,27.6,27.5,27.6
2026-01-25 18:25:00,27.5,68.6,27.5,27.5,27.5
2026-01-25 18:30:00,27.6,68.5,27.5,27.5,27.5
2026-01-25 18:35:00,27.5,68.4,27.5,27.5,27.5
2026-01-25 18:40:00,27.5,68.5,27.5,27.5,27.5
2026-01-25 18:45:00,27.5,68.3,27.5,27.5,27.5
2026-01-25 18:50:00,27.5,68.4,27.5,27.6,27.5
2026-01-25 18:55:00,27.5,68.4,27.5,27.5,27.5
2026-01-25 19:00:00,27.5,68.1,27.5,27.5,27.5
2026-01-25 19:05:00,27.5,67.9,27.5,27.5,27.5
2026-01-25 19:10:00,27.5,67.9,27.6,27.5,27.5
2026-01-25 19:15:00,27.5,67.8,27.5,27.5,27.5
2026-01-25 19:20:00,27.6,67.9,27.5,27.5,27.5
2026-01-25 19:25:00,27.5,67.8,27.5,27.5,27.5
2026-01-25 19:30:00,27.5,67.7,27.5,27.5,27.5
2026-01-25 19:35:00,27.5,67.4,27.5,27.5,27.5
2026-01-25 19:40:00,27.5,67.1,27.5,27.5,27.5
2026-01-25 19:45:00,27.5,67.3,27.5,27.5,27.5
2026-01-25 19:50:00,27.5,66.2,27.5,27.5,27.5
2026-01-25 19:55:00,27.5,66.8,27.5,27.5,27.4
2026-01-25 20:00:00,27.5,66.5,27.5,27.5,27.5
2026-01-25 20:05:00,27.5,66.2,27.5,27.5,27.4
2026-01-25 20:10:00,27.5,66.5,27.5,27.5,27.4
2026-01-25 20:15:00,27.5,66.4,27.5,27.5,27.4
2026-01-25 20:20:00,27.5,66.3,27.5,27.5,27.4
2026-01-25 20:25:00,27.5,65.7,27.5,27.4,27.4
2026-01-25 20:30:00,27.5,65.7,27.5,27.5,27.4
2026-01-25 20:35:00,27.5,66.2,27.5,27.4,27.4
2026-01-25 20:40:00,27.5,65.8,27.5,27.4,27.4
2026-01-25 20:45:00,27.5,66.1,27.4,27.4,27.4
2026-01-25 20:50:00,27.5,66.6,27.5,27.4,27.4
2026-01-25 20:55:00,27.4,66.9,27.4,27.4,27.4
2026-01-25 21:00:00,27.5,65.9,27.4,27.4,27.4
2026-01-25 21:05:00,27.4,66.2,27.4,27.4,27.4
2026-01-25 21:10:00,27.4,66.6,27.4,27.4,27.4
2026-01-25 21:15:00,27.4,66.3,27.4,27.4,27.4
2026-01-25 21:20:00,27.4,66.5,27.4,27.4,27.5
2026-01-25 21:25:00,27.4,66.6,27.4,27.4,27.4
2026-01-25 21:30:00,27.4,66.3,27.4,27.4,27.5
2026-01-25 21:35:00,27.4,66.1,27.4,27.4,27.4
2026-01-25 21:40:00,27.4,65.9,27.4,27.4,27.4
2026-01-25 21:45:00,27.4,66.2,27.4,27.4,27.4
2026-01-25 21:50:00,27.4,66.1,27.4,27.5,27.4
2026-01-25 21:55:00,27.4,65.3,27.4,27.4,27.4
2026-01-25 22:00:00,27.4,65.8,27.4,27.5,27.4
2026-01-25 22:05:00,27.4,65.8,27.4,27.4,27.4
2026-01-25 22:10:00,27.4,65.3,27.5,27.4,27.4
2026-01-25 22:15:00,27.4,65.5,27.4,27.4,27.4
2026-01-25 22:20:00,27.5,65.0,27.5,27.4,27.3
2026-01-25 22:25:00,27.4,65.2,27.4,27.4,27.3
2026-01-25 22:30:00,27.5,65.1,27.4,27.4,27.3
2026-01-25 22:35:00,27.4,65.6,27.4,27.4,27.3
2026-01-25 22:40:00,27.4,65.4,27.4,27.4,27.3
2026-01-25 22:45:00,27.4,65.2,27.4,27.4,27.3
2026-01-25 22:50:00,27.4,65.8,27.4,27.3,27.3
2026-01-25 22:55:00,27.4,65.2,27.4,27.3,27.3
2026-01-25 23:00:00,27.4,65.5,27.4,27.3,27.3
2026-01-25 23:05:00,27.4,66.0,27.4,27.3,27.3
2026-01-25 23:10:00,27.4,66.1,27.3,27.3,27.3
2026-01-25 23:15:00,27.4,65.9,27.3,27.3,27.3
2026-01-25 23:20:00,27.3,66.1,27.3,27.3,27.3
2026-01-25 23:25:00,27.3,65.9,27.3,27.3,27.3
2026-01-25 23:30:00,27.3,65.6,27.3,27.3,27.3
2026-01-25 23:35:00,27.3,65.7,27.3,27.3,27.3
2026-01-25 23:40:00,27.3,66.0,27.3,27.3,27.3
2026-01-25 23:45:00,27.3,65.8,27.3,27.3,27.3
2026-01-25 23:50:00,27.3,66.2,27.3,27.3,27.3
2026-01-25 23:55:00,27.3,66.2,27.3,27.3,27.3
2026-01-26 00:00:00,27.3,66.1,27.3,27.3,27.3
2026-01-26 00:05:00,27.3,66.4,27.3,27.3,27.2
2026-01-26 00:10:00,27.3,66.0,27.3,27.3,27.2
2026-01-26 00:15:00,27.3,66.2,27.3,27.3,27.2
2026-01-26 00:20:00,27.3,66.1,27.3,27.3,27.2
2026-01-26 00:25:00,27.3,66.0,27.3,27.3,27.3
2026-01-26 00:30:00,27.3,66.0,27.3,27.3,27.3
2026-01-26 00:35:00,27.3,66.2,27.3,27.2,27.3
2026-01-26 00:40:00,27.3,66.5,27.3,27.2,27.3
2026-01-26 00:45:00,27.3,66.4,27.3,27.2,27.2
2026-01-26 00:50:00,27.3,66.3,27.3,27.2,27.3
2026-01-26 00:55:00,27.3,66.2,27.2,27.3,27.2
2026-01-26 01:00:00,27.3,66.4,27.2,27.3,27.2
2026-01-26 01:05:00,27.2,66.4,27.2,27.3,27.2
2026-01-26 01:10:00,27.2,66.6,27.2,27.3,27.2
2026-01-26 01:15:00,27.2,66.5,27.3,27.2,27.2
2026-01-26 01:20:00,27.2,66.5,27.3,27.3,27.3
2026-01-26 01:25:00,27.3,66.5,27.3,27.2,27.2
2026-01-26 01:30:00,27.3,66.9,27.3,27.2,27.2
2026-01-26 01:35:00,27.3,66.8,27.2,27.2,27.3
2026-01-26 01:40:00,27.3,66.9,27.3,27.2,27.3
2026-01-26 01:45:00,27.2,66.9,27.2,27.2,27.2
2026-01-26 01:50:00,27.3,66.8,27.2,27.3,27.2
2026-01-26 01:55:00,27.2,66.9,27.2,27.2,27.3
2026-01-26 02:00:00,27.2,67.2,27.2,27.2,27.3
2026-01-26 02:05:00,27.2,67.1,27.2,27.3,27.3
2026-01-26 02:10:00,27.2,67.2,27.3,27.3,27.3
2026-01-26 02:15:00,27.2,67.4,27.2,27.2,27.3
2026-01-26 02:20:00,27.3,67.3,27.2,27.2,27.3
2026-01-26 02:25:00,27.2,67.4,27.3,27.3,27.3
2026-01-26 02:30:00,27.2,67.4,27.3,27.3,27.3
2026-01-26 02:35:00,27.3,67.6,27.2,27.3,27.3
2026-01-26 02:40:00,27.3,67.7,27.2,27.3,27.3
2026-01-26 02:45:00,27.2,67.6,27.3,27.3,27.3
2026-01-26 02:50:00,27.2,67.8,27.3,27.3,27.3
2026-01-26 02:55:00,27.3,67.9,27.3,27.3,27.3
2026-01-26 03:00:00,27.3,67.9,27.3,27.3,27.3
2026-01-26 03:05:00,27.3,68.1,27.3,27.3,27.3
2026-01-26 03:10:00,27.3,68.0,27.3,27.3,27.3
2026-01-26 03:15:00,27.3,68.2,27.3,27.3,27.3
2026-01-26 03:20:00,27.3,68.4,27.3,27.3,27.3
2026-01-26 03:25:00,27.3,68.5,27.3,27.3,27.3
2026-01-26 03:30:00,27.3,68.5,27.3,27.3,27.3
2026-01-26 03:35:00,27.3,68.5,27.3,27.3,27.3
2026-01-26 03:40:00,27.3,68.7,27.3,27.3,27.3
2026-01-26 03:45:00,27.3,68.9,27.3,27.3,27.3
2026-01-26 03:50:00,27.3,68.8,27.3,27.3,27.3
2026-01-26 03:55:00,27.3,69.2,27.3,27.3,27.3
2026-01-26 04:00:00,27.3,70.1,27.3,27.3,27.3
2026-01-26 04:05:00,27.3,70.8,27.3,27.3,27.3
2026-01-26 04:10:00,27.3,70.8,27.3,27.3,27.3
2026-01-26 04:15:00,27.3,70.5,27.3,27.3,27.3
2026-01-26 04:20:00,27.3,70.3,27.3,27.3,27.3
2026-01-26 04:25:00,27.3,70.6,27.3,27.3,27.3
2026-01-26 04:30:00,27.3,70.4,27.3,27.3,27.3
2026-01-26 04:35:00,27.3,70.5,27.3,27.3,27.3
2026-01-26 04:40:00,27.3,70.2,27.3,27.3,27.3
2026-01-26 04:45:00,27.3,70.0,27.3,27.3,27.2
2026-01-26 04:50:00,27.3,69.9,27.3,27.3,27.2
2026-01-26 04:55:00,27.3,69.9,27.3,27.3,27.3
2026-01-26 05:00:00,27.3,69.7,27.3,27.3,27.3
2026-01-26 05:05:00,27.3,69.9,27.3,27.3,27.3
2026-01-26 05:10:00,27.3,69.7,27.3,27.3,27.3
2026-01-26 05:15:00,27.3,69.4,27.3,27.2,27.3
2026-01-26 05:20:00,27.3,69.6,27.3,27.2,27.3
2026-01-26 05:25:00,27.3,69.5,27.3,27.3,27.3
2026-01-26 05:30:00,27.3,69.4,27.3,27.3,27.3
2026-01-26 05:35:00,27.3,69.2,27.2,27.3,27.2
2026-01-26 05:40:00,27.3,69.2,27.2,27.3,27.2
2026-01-26 05:45:00,27.2,69.4,27.3,27.3,27.3
2026-01-26 05:50:00,27.2,69.5,27.3,27.3,27.2
2026-01-26 05:55:00,27.3,69.4,27.3,27.3,27.2
2026-01-26 06:00:00,27.3,69.4,27.3,27.3,27.2
2026-01-26 06:05:00,27.3,69.6,27.3,27.2,27.2
2026-01-26 06:10:00,27.3,69.5,27.3,27.2,27.2
2026-01-26 06:15:00,27.3,69.8,27.3,27.3,27.2
2026-01-26 06:20:00,27.3,69.3,27.3,27.2,27.2
2026-01-26 06:25:00,27.3,69.7,27.2,27.2,27.2
2026-01-26 06:30:00,27.3,69.3,27.2,27.2,27.2
2026-01-26 06:35:00,27.2,69.3,27.3,27.2,27.2
2026-01-26 06:40:00,27.2,69.4,27.2,27.2,27.2
2026-01-26 06:45:00,27.3,69.8,27.2,27.2,27.2
2026-01-26 06:50:00,27.2,68.0,27.2,27.2,27.2
2026-01-26 06:55:00,27.2,69.0,27.2,27.2,27.2
2026-01-26 07:00:00,27.2,69.2,27.2,27.2,27.2
2026-01-26 07:05:00,27.2,69.3,27.2,27.2,27.2
2026-01-26 07:10:00,27.2,69.0,27.2,27.2,27.2
2026-01-26 07:15:00,27.2,68.9,27.2,27.2,27.2
2026-01-26 07:20:00,27.2,69.1,27.2,27.2,27.2
2026-01-26 07:25:00,27.2,69.6,27.2,27.2,27.2
2026-01-26 07:30:00,27.2,69.5,27.2,27.2,27.2
2026-01-26 07:35:00,27.2,69.6,27.2,27.2,27.2
2026-01-26 07:40:00,27.2,70.4,27.2,27.2,27.3
2026-01-26 07:45:00,27.2,69.5,27.2,27.2,27.3
2026-01-26 07:50:00,27.2,69.5,27.2,27.2,27.3
2026-01-26 07:55:00,27.2,69.9,27.2,27.2,27.3
2026-01-26 08:00:00,27.2,69.9,27.2,27.2,27.3
2026-01-26 08:05:00,27.2,69.5,27.2,27.2,27.3
2026-01-26 08:10:00,27.2,69.5,27.2,27.3,27.3
2026-01-26 08:15:00,27.2,69.8,27.2,27.3,27.3
2026-01-26 08:20:00,27.2,70.1,27.2,27.3,27.3
2026-01-26 08:25:00,27.2,70.3,27.2,27.3,27.3
2026-01-26 08:30:00,27.2,70.1,27.3,27.3,27.3
2026-01-26 08:35:00,27.2,70.0,27.3,27.3,27.3
2026-01-26 08:40:00,27.3,70.4,27.3,27.3,27.3
2026-01-26 08:45:00,27.3,71.1,27.3,27.3,27.3
2026-01-26 08:50:00,27.3,71.0,27.3,27.3,27.3
2026-01-26 08:55:00,27.3,71.9,27.3,27.3,27.3
2026-01-26 09:00:00,27.3,72.1,27.3,27.3,27.3
2026-01-26 09:05:00,27.3,71.8,27.3,27.3,27.3
2026-01-26 09:10:00,27.3,71.8,27.3,27.3,27.3
2026-01-26 09:15:00,27.3,72.2,27.3,27.3,27.3
2026-01-26 09:20:00,27.3,71.8,27.3,27.3,27.3
2026-01-26 09:25:00,27.3,71.9,27.3,27.3,27.3
2026-01-26 09:30:00,27.3,71.7,27.3,27.3,27.3
2026-01-26 09:35:00,27.3,71.6,27.3,27.3,27.3
2026-01-26 09:40:00,27.3,71.1,27.3,27.3,27.3
2026-01-26 09:45:00,27.3,71.7,27.3,27.3,27.3
2026-01-26 09:50:00,27.3,71.7,27.3,27.3,27.3
2026-01-26 09:55:00,27.3,71.4,27.3,27.3,27.3
2026-01-26 10:00:00,27.3,71.5,27.3,27.3,27.3
2026-01-26 10:05:00,27.3,71.3,27.3,27.3,27.3
2026-01-26 10:10:00,27.3,71.2,27.3,27.3,27.3
2026-01-26 10:15:00,27.3,71.6,27.3,27.3,27.3
2026-01-26 10:20:00,27.3,71.4,27.3,27.3,27.3
2026-01-26 10:25:00,27.3,71.6,27.3,27.3,27.3
2026-01-26 10:30:00,27.3,71.4,27.3,27.3,27.3
2026-01-26 10:35:00,27.3,71.3,27.3,27.3,27.3
2026-01-26 10:40:00,27.3,71.3,27.3,27.3,27.3
2026-01-26 10:45:00,27.3,71.5,27.3,27.3,27.3
2026-01-26 10:50:00,27.3,71.4,27.3,27.3,27.3
2026-01-26 10:55:00,27.3,71.4,27.3,27.3,27.3
2026-01-26 11:00:00,27.3,71.5,27.3,27.3,27.3
2026-01-26 11:05:00,27.3,71.5,27.3,27.3,27.3
2026-01-26 11:10:00,27.3,71.4,27.3,27.3,27.3
2026-01-26 11:15:00,27.3,71.3,27.3,27.3,27.3
2026-01-26 11:20:00,27.3,71.3,27.3,27.3,27.3
2026-01-26 11:25:00,27.3,71.5,27.3,27.3,27.3
2026-01-26 11:30:00,27.3,71.6,27.3,27.3,27.3
2026-01-26 11:35:00,27.3,71.5,27.3,27.3,27.3
2026-01-26 11:40:00,27.3,71.6,27.3,27.3,27.3
2026-01-26 11:45:00,27.3,71.6,27.3,27.3,27.3
2026-01-26 11:50:00,27.3,71.6,27.3,27.3,27.3
2026-01-26 11:55:00,27.3,71.6,27.3,27.3,27.3
2026-01-26 12:00:00,27.3,71.6,27.3,27.3,27.4
2026-01-26 12:05:00,27.3,71.8,27.3,27.3,27.3
2026-01-26 12:10:00,27.3,71.8,27.3,27.3,27.4
2026-01-26 12:15:00,27.3,71.6,27.3,27.3,27.4
2026-01-26 12:20:00,27.3,71.5,27.3,27.3,27.3
2026-01-26 12:25:00,27.3,71.7,27.3,27.3,27.4
2026-01-26 12:30:00,27.3,71.7,27.3,27.4,27.4
2026-01-26 12:35:00,27.3,71.6,27.3,27.3,27.4
2026-01-26 12:40:00,27.3,71.6,27.3,27.4,27.4
2026-01-26 12:45:00,27.3,71.8,27.3,27.4,27.4
2026-01-26 12:50:00,27.3,71.8,27.4,27.3,27.4
2026-01-26 12:55:00,27.3,71.7,27.3,27.4,27.4
2026-01-26 13:00:00,27.4,71.6,27.4,27.4,27.4
2026-01-26 13:05:00,27.3,71.6,27.4,27.4,27.4
2026-01-26 13:10:00,27.4,71.8,27.3,27.4,27.4
2026-01-26 13:15:00,27.4,71.6,27.4,27.4,27.4
2026-01-26 13:20:00,27.3,71.6,27.4,27.4,27.4
2026-01-26 13:25:00,27.4,71.8,27.4,27.4,27.4
2026-01-26 13:30:00,27.4,72.0,27.4,27.4,27.4
2026-01-26 13:35:00,27.4,72.0,27.4,27.4,27.4
2026-01-26 13:40:00,27.4,72.2,27.4,27.4,27.4
2026-01-26 13:45:00,27.4,72.2,27.4,27.4,27.5
2026-01-26 13:50:00,27.4,72.3,27.4,27.4,27.5
2026-01-26 13:55:00,27.4,72.4,27.4,27.4,27.4
2026-01-26 14:00:00,27.4,72.4,27.4,27.4,27.5
2026-01-26 14:05:00,27.4,72.4,27.4,27.4,27.5
2026-01-26 14:10:00,27.4,72.2,27.4,27.4,27.5
2026-01-26 14:15:00,27.4,72.4,27.4,27.5,27.5
2026-01-26 14:20:00,27.4,72.5,27.4,27.5,27.5
2026-01-26 14:25:00,27.4,72.5,27.4,27.4,27.5
2026-01-26 14:30:00,27.4,72.5,27.4,27.5,27.5
2026-01-26 14:35:00,27.4,72.6,27.5,27.5,27.4
2026-01-26 14:40:00,27.4,72.6,27.5,27.5,27.5
2026-01-26 14:45:00,27.5,72.7,27.4,27.5,27.5
2026-01-26 14:50:00,27.5,72.8,27.5,27.5,27.5
2026-01-26 14:55:00,27.4,73.0,27.5,27.5,27.4
2026-01-26 15:00:00,27.5,73.1,27.5,27.5,27.4
2026-01-26 15:05:00,27.5,73.1,27.5,27.4,27.5
2026-01-26 15:10:00,27.5,73.3,27.5,27.5,27.4
2026-01-26 15:15:00,27.5,73.4,27.5,27.5,27.4
2026-01-26 15:20:00,27.5,73.4,27.5,27.5,27.4
2026-01-26 15:25:00,27.5,73.6,27.4,27.4,27.5
2026-01-26 15:30:00,27.5,73.5,27.5,27.4,27.5
2026-01-26 15:35:00,27.4,73.6,27.5,27.5,27.5
2026-01-26 15:40:00,27.5,73.6,27.5,27.4,27.5
2026-01-26 15:45:00,27.5,73.8,27.4,27.4,27.5
2026-01-26 15:50:00,27.5,73.8,27.4,27.4,27.5
2026-01-26 15:55:00,27.4,73.9,27.5,27.5,27.5
2026-01-26 16:00:00,27.4,73.9,27.4,27.5,27.5
2026-01-26 16:05:00,27.5,74.0,27.4,27.5,27.5
2026-01-26 16:10:00,27.4,74.0,27.4,27.5,27.5
2026-01-26 16:15:00,27.4,74.1,27.5,27.5,27.5
2026-01-26 16:20:00,27.4,74.2,27.5,27.5,27.5
2026-01-26 16:25:00,27.5,74.2,27.5,27.5,27.5
2026-01-26 16:30:00,27.5,74.3,27.5,27.5,27.5
2026-01-26 16:35:00,27.5,74.6,27.5,27.5,27.5
2026-01-26 16:40:00,27.5,74.7,27.5,27.5,27.5
2026-01-26 16:45:00,27.5,74.7,27.5,27.5,27.5
2026-01-26 16:50:00,27.5,75.1,27.5,27.5,27.5
2026-01-26 16:55:00,27.5,75.0,27.5,27.5,27.5
2026-01-26 17:00:00,27.5,75.0,27.5,27.5,27.5
2026-01-26 17:05:00,27.5,75.0,27.5,27.5,27.5
2026-01-26 17:10:00,27.5,75.1,27.5,27.5,27.5
2026-01-26 17:15:00,27.5,75.1,27.5,27.5,27.5
2026-01-26 17:20:00,27.5,75.2,27.5,27.5,27.5
2026-01-26 17:25:00,27.5,75.2,27.5,27.5,27.4
2026-01-26 17:30:00,27.5,75.2,27.5,27.5,27.5
2026-01-26 17:35:00,27.5,75.3,27.5,27.5,27.5
2026-01-26 17:40:00,27.5,75.4,27.5,27.5,27.5
2026-01-26 17:45:00,27.5,75.2,27.5,27.5,27.4
2026-01-26 17:50:00,27.5,75.3,27.5,27.5,27.5
2026-01-26 17:55:00,27.5,75.3,27.5,27.4,27.5
2026-01-26 18:00:00,27.5,75.3,27.5,27.5,27.5
2026-01-26 18:05:00,27.5,75.4,27.5,27.5,27.5
2026-01-26 18:10:00,27.5,75.4,27.5,27.5,27.5
2026-01-26 18:15:00,27.5,75.5,27.4,27.4,27.5
2026-01-26 18:20:00,27.5,75.6,27.5,27.5,27.5
2026-01-26 18:25:00,27.4,75.5,27.5,27.5,27.6
2026-01-26 18:30:00,27.5,75.6,27.5,27.5,27.6
2026-01-26 18:35:00,27.5,75.5,27.4,27.5,27.6
2026-01-26 18:40:00,27.5,75.6,27.5,27.5,27.6
2026-01-26 18:45:00,27.4,75.6,27.5,27.5,27.6
2026-01-26 18:50:00,27.5,75.9,27.5,27.5,27.6
2026-01-26 18:55:00,27.5,75.9,27.5,27.6,27.6
2026-01-26 19:00:00,27.5,75.9,27.5,27.6,27.6
2026-01-26 19:05:00,27.5,76.0,27.5,27.6,27.6
2026-01-26 19:10:00,27.5,76.1,27.5,27.6,27.6
2026-01-26 19:15:00,27.5,76.4,27.6,27.6,27.6
2026-01-26 19:20:00,27.5,76.6,27.6,27.6,27.6
2026-01-26 19:25:00,27.6,76.7,27.6,27.6,27.6
2026-01-26 19:30:00,27.6,77.3,27.6,27.6,27.6
2026-01-26 19:35:00,27.6,77.6,27.6,27.6,27.6
2026-01-26 19:40:00,27.6,77.8,27.6,27.6,27.6
2026-01-26 19:45:00,27.6,77.8,27.6,27.6,27.5
2026-01-26 19:50:00,27.6,77.8,27.6,27.6,27.5
2026-01-26 19:55:00,27.6,77.6,27.6,27.6,27.5
2026-01-26 20:00:00,27.6,77.5,27.6,27.6,27.5
2026-01-26 20:05:00,27.6,77.2,27.6,27.6,27.5
2026-01-26 20:10:00,27.6,77.2,27.6,27.6,27.5
2026-01-26 20:15:00,27.6,77.2,27.6,27.5,27.5
2026-01-26 20:20:00,27.6,77.1,27.6,27.5,27.6
2026-01-26 20:25:00,27.6,77.2,27.6,27.5,27.5
2026-01-26 20:30:00,27.6,77.2,27.6,27.5,27.5
2026-01-26 20:35:00,27.6,77.2,27.5,27.5,27.5
2026-01-26 20:40:00,27.6,77.4,27.5,27.5,27.5
2026-01-26 20:45:00,27.5,77.1,27.5,27.5,27.5
2026-01-26 20:50:00,27.5,77.2,27.5,27.6,27.5
2026-01-26 20:55:00,27.5,77.2,27.5,27.5,27.5
2026-01-26 21:00:00,27.5,76.9,27.5,27.5,27.5
2026-01-26 21:05:00,27.5,77.1,27.5,27.5,27.5
2026-01-26 21:10:00,27.5,77.1,27.6,27.5,27.5
2026-01-26 21:15:00,27.5,77.1,27.5,27.5,27.5
2026-01-26 21:20:00,27.6,77.0,27.5,27.5,27.5
2026-01-26 21:25:00,27.5,77.0,27.5,27.5,27.5
2026-01-26 21:30:00,27.5,77.0,27.5,27.5,27.5
2026-01-26 21:35:00,27.5,77.0,27.5,27.5,27.5
2026-01-26 21:40:00,27.5,77.0,27.5,27.5,27.4
2026-01-26 21:45:00,27.5,77.1,27.5,27.5,27.5
2026-01-26 21:50:00,27.5,77.0,27.5,27.5,27.5
2026-01-26 21:55:00,27.5,77.0,27.5,27.5,27.4
2026-01-26 22:00:00,27.5,77.0,27.5,27.5,27.4
2026-01-26 22:05:00,27.5,77.0,27.5,27.5,27.5
2026-01-26 22:10:00,27.5,77.1,27.5,27.4,27.5
2026-01-26 22:15:00,27.5,77.1,27.5,27.5,27.5
2026-01-26 22:20:00,27.5,77.1,27.5,27.5,27.5
2026-01-26 22:25:00,27.5,77.1,27.5,27.4,27.5
2026-01-26 22:30:00,27.5,77.1,27.4,27.4,27.5
2026-01-26 22:35:00,27.5,77.1,27.5,27.5,27.5
2026-01-26 22:40:00,27.4,77.0,27.5,27.5,27.5
2026-01-26 22:45:00,27.5,77.0,27.4,27.5,27.5
2026-01-26 22:50:00,27.5,76.9,27.4,27.5,27.5
2026-01-26 22:55:00,27.4,77.0,27.5,27.5,27.5
2026-01-26 23:00:00,27.4,77.0,27.5,27.5,27.4
2026-01-26 23:05:00,27.5,76.9,27.5,27.5,27.5
2026-01-26 23:10:00,27.5,76.9,27.5,27.5,27.5
2026-01-26 23:15:00,27.5,77.0,27.5,27.5,27.5
2026-01-26 23:20:00,27.5,76.8,27.5,27.5,27.5
2026-01-26 23:25:00,27.5,76.9,27.5,27.5,27.5
2026-01-26 23:30:00,27.5,76.8,27.5,27.4,27.5
2026-01-26 23:35:00,27.5,76.9,27.5,27.5,27.4
2026-01-26 23:40:00,27.5,76.9,27.5,27.5,27.5
2026-01-26 23:45:00,27.5,76.9,27.5,27.5,27.5
2026-01-26 23:50:00,27.5,76.9,27.4,27.5,27.5
2026-01-26 23:55:00,27.5,76.9,27.5,27.5,27.5
2026-01-27 00:00:00,27.4,76.8,27.5,27.5,27.5
2026-01-27 00:05:00,27.5,76.9,27.5,27.4,27.5
2026-01-27 00:10:00,27.5,76.9,27.5,27.5,27.5
2026-01-27 00:15:00,27.5,76.8,27.5,27.5,27.4
2026-01-27 00:20:00,27.5,76.8,27.5,27.5,27.4
2026-01-27 00:25:00,27.5,76.9,27.4,27.5,27.5
2026-01-27 00:30:00,27.5,76.9,27.5,27.5,27.4
2026-01-27 00:35:00,27.4,76.8,27.5,27.5,27.4
2026-01-27 00:40:00,27.5,76.8,27.5,27.5,27.4
2026-01-27 00:45:00,27.5,76.6,27.5,27.4,27.4
2026-01-27 00:50:00,27.5,76.6,27.5,27.4,27.5
2026-01-27 00:55:00,27.5,76.6,27.5,27.5,27.5
2026-01-27 01:00:00,27.5,76.6,27.5,27.4,27.4
2026-01-27 01:05:00,27.5,76.7,27.4,27.4,27.4
2026-01-27 01:10:00,27.5,76.7,27.4,27.4,27.4
2026-01-27 01:15:00,27.4,76.6,27.5,27.4,27.4
2026-01-27 01:20:00,27.4,76.5,27.4,27.5,27.4
2026-01-27 01:25:00,27.5,76.5,27.4,27.5,27.5
2026-01-27 01:30:00,27.4,76.4,27.4,27.4,27.5
2026-01-27 01:35:00,27.4,76.3,27.4,27.4,27.4
2026-01-27 01:40:00,27.4,76.3,27.5,27.4,27.4
2026-01-27 01:45:00,27.4,76.2,27.5,27.4,27.4
2026-01-27 01:50:00,27.5,76.3,27.4,27.4,27.4
2026-01-27 01:55:00,27.5,76.5,27.4,27.5,27.5
2026-01-27 02:00:00,27.4,76.8,27.4,27.5,27.5
2026-01-27 02:05:00,27.4,76.9,27.4,27.4,27.4
2026-01-27 02:10:00,27.4,76.9,27.4,27.4,27.5
2026-01-27 02:15:00,27.4,76.8,27.5,27.4,27.4
2026-01-27 02:20:00,27.4,76.8,27.5,27.4,27.4
2026-01-27 02:25:00,27.5,76.7,27.4,27.5,27.4
2026-01-27 02:30:00,27.5,76.7,27.4,27.5,27.4
2026-01-27 02:35:00,27.4,76.7,27.4,27.4,27.4
2026-01-27 02:40:00,27.4,76.8,27.4,27.5,27.4
2026-01-27 02:45:00,27.4,76.9,27.5,27.4,27.4
2026-01-27 02:50:00,27.4,76.8,27.5,27.4,27.4
2026-01-27 02:55:00,27.5,76.8,27.4,27.4,27.4
2026-01-27 03:00:00,27.5,76.7,27.5,27.4,27.4
2026-01-27 03:05:00,27.4,76.7,27.4,27.4,27.4
2026-01-27 03:10:00,27.5,76.7,27.4,27.4,27.4
2026-01-27 03:15:00,27.4,76.7,27.4,27.4,27.4
2026-01-27 03:20:00,27.4,76.6,27.4,27.4,27.4
2026-01-27 03:25:00,27.4,76.7,27.4,27.4,27.4
2026-01-27 03:30:00,27.4,76.6,27.4,27.4,27.4
2026-01-27 03:35:00,27.4,76.6,27.4,27.4,27.4
2026-01-27 03:40:00,27.4,76.7,27.4,27.4,27.4
2026-01-27 03:45:00,27.4,76.7,27.4,27.4,27.4
2026-01-27 03:50:00,27.4,76.6,27.4,27.4,27.4
2026-01-27 03:55:00,27.4,76.7,27.4,27.4,27.4
2026-01-27 04:00:00,27.4,76.6,27.4,27.4,27.4
2026-01-27 04:05:00,27.4,76.5,27.4,27.4,27.4
2026-01-27 04:10:00,27.4,76.6,27.4,27.4,27.5
2026-01-27 04:15:00,27.4,76.6,27.4,27.4,27.4
2026-01-27 04:20:00,27.4,76.6,27.4,27.4,27.4
2026-01-27 04:25:00,27.4,76.5,27.4,27.4,27.4
2026-01-27 04:30:00,27.4,76.6,27.4,27.4,27.4
2026-01-27 04:35:00,27.4,76.6,27.4,27.4,27.4
2026-01-27 04:40:00,27.4,76.6,27.4,27.5,27.4
2026-01-27 04:45:00,27.4,76.6,27.4,27.4,27.4
2026-01-27 04:50:00,27.4,76.7,27.4,27.4,27.4
2026-01-27 04:55:00,27.4,76.7,27.4,27.4,27.4
2026-01-27 05:00:00,27.4,76.7,27.5,27.4,27.4
2026-01-27 05:05:00,27.4,76.8,27.4,27.4,27.4
2026-01-27 05:10:00,27.5,76.7,27.4,27.4,27.4
2026-01-27 05:15:00,27.4,76.8,27.4,27.4,27.4
2026-01-27 05:20:00,27.4,76.8,27.4,27.4,27.4
2026-01-27 05:25:00,27.4,76.8,27.4,27.4,27.4
2026-01-27 05:30:00,27.4,76.8,27.4,27.4,27.4
2026-01-27 05:35:00,27.4,76.7,27.4,27.4,27.4
2026-01-27 05:40:00,27.4,76.8,27.4,27.4,27.4
2026-01-27 05:45:00,27.4,76.9,27.4,27.4,27.4
2026-01-27 05:50:00,27.4,77.0,27.4,27.4,27.4
2026-01-27 05:55:00,27.4,77.0,27.4,27.4,27.4
2026-01-27 06:00:00,27.4,77.2,27.4,27.4,27.4
2026-01-27 06:05:00,27.4,77.5,27.4,27.4,27.4
2026-01-27 06:10:00,27.4,77.5,27.4,27.4,27.4
2026-01-27 06:15:00,27.4,78.0,27.4,27.4,27.4
2026-01-27 06:20:00,27.4,77.8,27.4,27.4,27.5
2026-01-27 06:25:00,27.4,78.0,27.4,27.4,27.4
2026-01-27 06:30:00,27.4,77.9,27.4,27.4,27.4
2026-01-27 06:35:00,27.4,78.1,27.4,27.4,27.4
2026-01-27 06:40:00,27.4,78.5,27.4,27.4,27.5
2026-01-27 06:45:00,27.4,78.3,27.4,27.4,27.5
2026-01-27 06:50:00,27.4,78.4,27.4,27.5,27.5
2026-01-27 06:55:00,27.4,78.4,27.4,27.4,27.5
2026-01-27 07:00:00,27.4,78.4,27.4,27.4,27.5
2026-01-27 07:05:00,27.4,78.4,27.4,27.4,27.5
2026-01-27 07:10:00,27.4,78.5,27.5,27.5,27.5
2026-01-27 07:15:00,27.4,78.5,27.4,27.5,27.5
2026-01-27 07:20:00,27.5,78.5,27.4,27.5,27.5
2026-01-27 07:25:00,27.4,78.6,27.4,27.5,27.5
2026-01-27 07:30:00,27.4,78.7,27.5,27.5,27.5
2026-01-27 07:35:00,27.4,78.6,27.5,27.5,27.5
2026-01-27 07:40:00,27.5,78.5,27.5,27.5,27.5
2026-01-27 07:45:00,27.5,78.5,27.5,27.5,27.5
2026-01-27 07:50:00,27.5,78.5,27.5,27.5,27.5
2026-01-27 07:55:00,27.5,78.5,27.5,27.5,27.5
2026-01-27 08:00:00,27.5,78.6,27.5,27.5,27.5
2026-01-27 08:05:00,27.5,78.4,27.5,27.5,27.5
2026-01-27 08:10:00,27.5,78.4,27.5,27.5,27.5
2026-01-27 08:15:00,27.5,78.3,27.5,27.5,27.5
2026-01-27 08:20:00,27.5,78.4,27.5,27.5,27.5
2026-01-27 08:25:00,27.5,78.3,27.5,27.5,27.5
2026-01-27 08:30:00,27.5,78.4,27.5,27.5,27.5
2026-01-27 08:35:00,27.5,78.3,27.5,27.5,27.5
2026-01-27 08:40:00,27.5,78.6,27.5,27.5,27.5
2026-01-27 08:45:00,27.5,78.5,27.5,27.5,27.5
2026-01-27 08:50:00,27.5,78.4,27.5,27.5,27.5
2026-01-27 08:55:00,27.5,78.1,27.5,27.5,27.5
2026-01-27 09:00:00,27.5,78.4,27.5,27.5,27.5
2026-01-27 09:05:00,27.5,78.3,27.5,27.5,27.5
2026-01-27 09:10:00,27.5,78.8,27.5,27.5,27.5
2026-01-27 09:15:00,27.5,78.7,27.5,27.5,27.5
2026-01-27 09:20:00,27.5,79.6,27.5,27.5,27.5
2026-01-27 09:25:00,27.5,79.7,27.5,27.5,27.5
2026-01-27 09:30:00,27.5,79.6,27.5,27.5,27.6
2026-01-27 09:35:00,27.5,79.5,27.5,27.5,27.6
2026-01-27 09:40:00,27.5,79.5,27.5,27.5,27.5
2026-01-27 09:45:00,27.5,79.4,27.5,27.5,27.6
2026-01-27 09:50:00,27.5,79.3,27.5,27.5,27.6
2026-01-27 09:55:00,27.5,79.3,27.5,27.5,27.6
2026-01-27 10:00:00,27.5,79.2,27.5,27.6,27.6
2026-01-27 10:05:00,27.5,79.2,27.5,27.6,27.6
2026-01-27 10:10:00,27.5,78.9,27.5,27.5,27.6
2026-01-27 10:15:00,27.5,79.0,27.5,27.6,27.6
2026-01-27 10:20:00,27.5,79.0,27.6,27.6,27.6
2026-01-27 10:25:00,27.5,79.3,27.6,27.6,27.6
2026-01-27 10:30:00,27.6,79.3,27.5,27.6,27.6
2026-01-27 10:35:00,27.6,79.5,27.6,27.6,27.6
2026-01-27 10:40:00,27.5,79.6,27.6,27.6,27.6
2026-01-27 10:45:00,27.6,79.9,27.6,27.6,27.6
2026-01-27 10:50:00,27.6,80.5,27.6,27.6,27.6
2026-01-27 10:55:00,27.6,80.9,27.6,27.6,27.6
2026-01-27 11:00:00,27.6,81.1,27.6,27.6,27.6
2026-01-27 11:05:00,27.6,81.1,27.6,27.6,27.7
2026-01-27 11:10:00,27.6,80.7,27.6,27.6,27.6
2026-01-27 11:15:00,27.6,80.7,27.6,27.6,27.6
2026-01-27 11:20:00,27.6,80.9,27.6,27.6,27.6
2026-01-27 11:25:00,27.6,80.8,27.6,27.6,27.6
2026-01-27 11:30:00,27.6,80.6,27.6,27.6,27.7
2026-01-27 11:35:00,27.6,80.5,27.6,27.7,27.7
2026-01-27 11:40:00,27.6,80.3,27.6,27.6,27.6
2026-01-27 11:45:00,27.6,80.3,27.6,27.6,27.7
2026-01-27 11:50:00,27.6,80.3,27.6,27.6,27.6
2026-01-27 11:55:00,27.6,80.1,27.7,27.6,27.7
2026-01-27 12:00:00,27.6,80.0,27.6,27.7,27.7
2026-01-27 12:05:00,27.7,79.9,27.6,27.7,27.6
2026-01-27 12:10:00,27.6,79.7,27.6,27.6,27.7
2026-01-27 12:15:00,27.6,79.6,27.6,27.7,27.6
2026-01-27 12:20:00,27.6,79.5,27.7,27.6,27.7
2026-01-27 12:25:00,27.6,79.9,27.7,27.7,27.7
2026-01-27 12:30:00,27.7,79.9,27.6,27.7,27.6
2026-01-27 12:35:00,27.7,79.9,27.7,27.6,27.7
2026-01-27 12:40:00,27.6,79.7,27.6,27.7,27.6
2026-01-27 12:45:00,27.7,79.7,27.7,27.6,27.6
2026-01-27 12:50:00,27.6,79.8,27.7,27.7,27.6
2026-01-27 12:55:00,27.7,80.4,27.6,27.7,27.6
2026-01-27 13:00:00,27.7,80.4,27.7,27.6,27.6
2026-01-27 13:05:00,27.6,80.6,27.6,27.7,27.6
2026-01-27 13:10:00,27.7,80.6,27.7,27.6,27.6
2026-01-27 13:15:00,27.6,81.1,27.7,27.6,27.6
2026-01-27 13:20:00,27.7,80.9,27.6,27.6,27.6
2026-01-27 13:25:00,27.7,81.3,27.7,27.6,27.6
2026-01-27 13:30:00,27.6,81.2,27.6,27.6,27.6
2026-01-27 13:35:00,27.7,81.2,27.6,27.6,27.6
2026-01-27 13:40:00,27.6,81.3,27.6,27.6,27.6
2026-01-27 13:45:00,27.6,81.3,27.6,27.6,27.6
2026-01-27 13:50:00,27.6,81.3,27.6,27.6,27.6
2026-01-27 13:55:00,27.6,81.3,27.6,27.6,27.7
2026-01-27 14:00:00,27.6,81.2,27.6,27.6,27.7
2026-01-27 14:05:00,27.6,81.2,27.6,27.6,27.7
2026-01-27 14:10:00,27.6,81.2,27.6,27.6,27.7
2026-01-27 14:15:00,27.6,81.4,27.6,27.6,27.7
2026-01-27 14:20:00,27.6,81.5,27.6,27.6,27.7
2026-01-27 14:25:00,27.6,81.6,27.6,27.7,27.7
2026-01-27 14:30:00,27.6,81.8,27.6,27.7,27.7
2026-01-27 14:35:00,27.6,81.8,27.6,27.7,27.7
2026-01-27 14:40:00,27.6,81.8,27.6,27.7,27.7
2026-01-27 14:45:00,27.6,82.1,27.7,27.7,27.7
2026-01-27 14:50:00,27.6,82.0,27.7,27.7,27.7
2026-01-27 14:55:00,27.7,82.7,27.7,27.7,27.7
2026-01-27 15:00:00,27.7,82.6,27.7,27.7,27.7
2026-01-27 15:05:00,27.7,82.5,27.7,27.7,27.7
2026-01-27 15:10:00,27.7,82.5,27.7,27.7,27.7
2026-01-27 15:15:00,27.7,82.5,27.7,27.7,27.6
2026-01-27 15:20:00,27.7,82.4,27.7,27.7,27.7
2026-01-27 15:25:00,27.7,82.2,27.7,27.7,27.6
2026-01-27 15:30:00,27.7,82.2,27.7,27.7,27.6
2026-01-27 15:35:00,27.7,82.1,27.7,27.7,27.6
2026-01-27 15:40:00,27.7,82.1,27.7,27.7,27.6
2026-01-27 15:45:00,27.7,82.3,27.7,27.6,27.6
2026-01-27 15:50:00,27.7,82.3,27.7,27.7,27.6
2026-01-27 15:55:00,27.7,82.3,27.7,27.6,27.6
2026-01-27 16:00:00,27.7,82.2,27.7,27.6,27.6
2026-01-27 16:05:00,27.7,82.3,27.6,27.6,27.6
2026-01-27 16:10:00,27.7,82.5,27.7,27.6,27.6
2026-01-27 16:15:00,27.6,82.4,27.6,27.6,27.6
2026-01-27 16:20:00,27.7,82.5,27.6,27.6,27.6
2026-01-27 16:25:00,27.6,82.9,27.6,27.6,27.6
2026-01-27 16:30:00,27.6,83.0,27.6,27.6,27.6
2026-01-27 16:35:00,27.6,83.3,27.6,27.6,27.6
2026-01-27 16:40:00,27.6,83.3,27.6,27.6,27.6
2026-01-27 16:45:00,27.6,83.4,27.6,27.6,27.6
2026-01-27 16:50:00,27.6,83.3,27.6,27.6,27.6
2026-01-27 16:55:00,27.6,83.3,27.6,27.6,27.6
2026-01-27 17:00:00,27.6,83.3,27.6,27.6,27.6
2026-01-27 17:05:00,27.6,83.1,27.6,27.6,27.6
2026-01-27 17:10:00,27.6,82.9,27.6,27.6,27.6
2026-01-27 17:15:00,27.6,82.7,27.6,27.6,27.7
2026-01-27 17:20:00,27.6,82.7,27.6,27.6,27.7
2026-01-27 17:25:00,27.6,82.7,27.6,27.6,27.7
2026-01-27 17:30:00,27.6,82.5,27.6,27.6,27.6
2026-01-27 17:35:00,27.6,82.3,27.6,27.6,27.7
2026-01-27 17:40:00,27.6,82.2,27.6,27.6,27.7
2026-01-27 17:45:00,27.6,82.3,27.6,27.7,27.7
2026-01-27 17:50:00,27.6,82.2,27.6,27.7,27.7
2026-01-27 17:55:00,27.6,82.3,27.6,27.7,27.7
2026-01-27 18:00:00,27.6,82.2,27.6,27.6,27.8
2026-01-27 18:05:00,27.6,82.1,27.7,27.7,27.8
2026-01-27 18:10:00,27.6,82.2,27.7,27.7,27.8
2026-01-27 18:15:00,27.7,82.5,27.7,27.7,27.8
2026-01-27 18:20:00,27.7,82.5,27.6,27.7,27.8
2026-01-27 18:25:00,27.7,82.8,27.7,27.7,27.7
2026-01-27 18:30:00,27.6,82.4,27.7,27.8,27.8
2026-01-27 18:35:00,27.7,82.6,27.7,27.8,27.7
2026-01-27 18:40:00,27.7,82.7,27.7,27.8,27.7
2026-01-27 18:45:00,27.7,82.4,27.7,27.8,27.7
2026-01-27 18:50:00,27.7,82.3,27.8,27.8,27.7
2026-01-27 18:55:00,27.7,82.4,27.8,27.7,27.7
2026-01-27 19:00:00,27.8,82.5,27.8,27.8,27.7
2026-01-27 19:05:00,27.8,82.6,27.8,27.7,27.7
2026-01-27 19:10:00,27.8,82.9,27.8,27.7,27.7
2026-01-27 19:15:00,27.8,82.9,27.7,27.7,27.7
2026-01-27 19:20:00,27.8,82.9,27.8,27.7,27.6
2026-01-27 19:25:00,27.7,82.4,27.7,27.7,27.7
2026-01-27 19:30:00,27.8,82.8,27.7,27.7,27.7
2026-01-27 19:35:00,27.7,82.2,27.7,27.7,27.6
2026-01-27 19:40:00,27.7,82.3,27.7,27.7,27.7
2026-01-27 19:45:00,27.7,82.1,27.7,27.7,27.6
2026-01-27 19:50:00,27.7,81.7,27.7,27.6,27.6
2026-01-27 19:55:00,27.7,81.5,27.7,27.7,27.6
2026-01-27 20:00:00,27.7,81.5,27.7,27.7,27.6
2026-01-27 20:05:00,27.7,81.0,27.7,27.6,27.7
2026-01-27 20:10:00,27.7,80.2,27.6,27.7,27.6
2026-01-27 20:15:00,27.7,80.6,27.7,27.6,27.6
2026-01-27 20:20:00,27.6,80.5,27.7,27.6,27.6
2026-01-27 20:25:00,27.7,80.5,27.6,27.6,27.6
2026-01-27 20:30:00,27.7,80.4,27.7,27.6,27.6
2026-01-27 20:35:00,27.6,80.5,27.6,27.7,27.6
2026-01-27 20:40:00,27.7,80.3,27.6,27.6,27.6
2026-01-27 20:45:00,27.6,80.4,27.6,27.6,27.6
2026-01-27 20:50:00,27.6,80.1,27.6,27.6,27.7
2026-01-27 20:55:00,27.6,80.1,27.7,27.6,27.6
2026-01-27 21:00:00,27.6,79.5,27.6,27.6,27.7
2026-01-27 21:05:00,27.7,79.9,27.6,27.6,27.6
2026-01-27 21:10:00,27.6,79.6,27.6,27.6,27.7
2026-01-27 21:15:00,27.6,79.5,27.6,27.6,27.7
2026-01-27 21:20:00,27.6,79.3,27.6,27.7,27.7
2026-01-27 21:25:00,27.6,79.2,27.6,27.6,27.7
2026-01-27 21:30:00,27.6,79.2,27.6,27.7,27.6
2026-01-27 21:35:00,27.6,79.5,27.6,27.6,27.6
2026-01-27 21:40:00,27.6,79.3,27.7,27.7,27.6
2026-01-27 21:45:00,27.6,79.2,27.6,27.7,27.6
2026-01-27 21:50:00,27.7,79.3,27.7,27.7,27.6
2026-01-27 21:55:00,27.6,79.2,27.6,27.7,27.6
2026-01-27 22:00:00,27.7,79.3,27.7,27.6,27.6
2026-01-27 22:05:00,27.6,79.0,27.7,27.6,27.6
2026-01-27 22:10:00,27.7,79.1,27.7,27.6,27.5
2026-01-27 22:15:00,27.7,79.4,27.7,27.6,27.6
2026-01-27 22:20:00,27.7,79.2,27.6,27.6,27.5
2026-01-27 22:25:00,27.7,78.7,27.6,27.6,27.5
2026-01-27 22:30:00,27.6,78.9,27.6,27.6,27.5
2026-01-27 22:35:00,27.6,78.4,27.6,27.6,27.5
2026-01-27 22:40:00,27.6,78.8,27.6,27.5,27.5
2026-01-27 22:45:00,27.6,78.1,27.6,27.6,27.5
2026-01-27 22:50:00,27.6,77.7,27.6,27.5,27.5
2026-01-27 22:55:00,27.6,78.4,27.6,27.5,27.5
2026-01-27 23:00:00,27.6,78.2,27.5,27.5,27.5
2026-01-27 23:05:00,27.6,78.3,27.6,27.5,27.5
2026-01-27 23:10:00,27.5,77.2,27.5,27.5,27.5
2026-01-27 23:15:00,27.6,78.1,27.5,27.5,27.5
2026-01-27 23:20:00,27.5,77.7,27.5,27.5,27.5
2026-01-27 23:25:00,27.5,78.0,27.5,27.5,27.5
2026-01-27 23:30:00,27.5,77.9,27.5,27.5,27.5
2026-01-27 23:35:00,27.5,76.5,27.5,27.5,27.5
2026-01-27 23:40:00,27.5,77.4,27.5,27.5,27.5
2026-01-27 23:45:00,27.5,76.9,27.5,27.5,27.5
2026-01-27 23:50:00,27.5,77.3,27.5,27.5,27.5
2026-01-27 23:55:00,27.5,76.7,27.5,27.5,27.5
2026-01-28 00:00:00,27.5,76.8,27.5,27.5,27.5
2026-01-28 00:05:00,27.5,76.1,27.5,27.5,27.5
2026-01-28 00:10:00,27.5,76.5,27.5,27.5,27.5
2026-01-28 00:15:00,27.5,76.6,27.5,27.5,27.4
2026-01-28 00:20:00,27.5,75.7,27.5,27.5,27.4
2026-01-28 00:25:00,27.5,75.4,27.5,27.5,27.4
2026-01-28 00:30:00,27.5,76.0,27.5,27.5,27.4
2026-01-28 00:35:00,27.5,76.0,27.5,27.5,27.4
2026-01-28 00:40:00,27.5,76.1,27.5,27.5,27.4
2026-01-28 00:45:00,27.5,76.1,27.5,27.4,27.4
2026-01-28 00:50:00,27.5,75.8,27.5,27.4,27.4
2026-01-28 00:55:00,27.5,75.6,27.5,27.4,27.4
2026-01-28 01:00:00,27.5,76.1,27.5,27.4,27.4
2026-01-28 01:05:00,27.5,76.2,27.4,27.4,27.4
2026-01-28 01:10:00,27.5,76.1,27.4,27.4,27.4
2026-01-28 01:15:00,27.4,76.2,27.4,27.4,27.4
2026-01-28 01:20:00,27.4,76.2,27.4,27.4,27.4
2026-01-28 01:25:00,27.4,75.7,27.4,27.4,27.4
2026-01-28 01:30:00,27.4,75.6,27.4,27.4,27.4
2026-01-28 01:35:00,27.4,75.4,27.4,27.4,27.4
2026-01-28 01:40:00,27.4,75.5,27.4,27.4,27.3
2026-01-28 01:45:00,27.4,75.7,27.4,27.4,27.3
2026-01-28 01:50:00,27.4,75.8,27.4,27.4,27.3
2026-01-28 01:55:00,27.4,75.8,27.4,27.4,27.4
2026-01-28 02:00:00,27.4,75.8,27.4,27.4,27.3
2026-01-28 02:05:00,27.4,75.7,27.4,27.4,27.3
2026-01-28 02:10:00,27.4,75.6,27.4,27.3,27.3
2026-01-28 02:15:00,27.4,75.6,27.4,27.3,27.3
2026-01-28 02:20:00,27.4,75.6,27.4,27.3,27.3
2026-01-28 02:25:00,27.4,75.6,27.4,27.4,27.3
2026-01-28 02:30:00,27.4,75.4,27.3,27.3,27.3
2026-01-28 02:35:00,27.4,75.3,27.3,27.3,27.3
2026-01-28 02:40:00,27.3,75.1,27.3,27.3,27.3
2026-01-28 02:45:00,27.3,75.1,27.4,27.3,27.3
2026-01-28 02:50:00,27.3,74.8,27.3,27.3,27.3
2026-01-28 02:55:00,27.4,74.7,27.3,27.3,27.3
2026-01-28 03:00:00,27.3,74.7,27.3,27.3,27.3
2026-01-28 03:05:00,27.3,74.6,27.3,27.3,27.3
2026-01-28 03:10:00,27.3,74.4,27.3,27.3,27.3
2026-01-28 03:15:00,27.3,74.4,27.3,27.3,27.3
2026-01-28 03:20:00,27.3,74.5,27.3,27.3,27.3
2026-01-28 03:25:00,27.3,74.3,27.3,27.3,27.3
2026-01-28 03:30:00,27.3,74.2,27.3,27.3,27.3
2026-01-28 03:35:00,27.3,74.2,27.3,27.3,27.2
2026-01-28 03:40:00,27.3,74.2,27.3,27.3,27.2
2026-01-28 03:45:00,27.3,74.2,27.3,27.3,27.2
2026-01-28 03:50:00,27.3,74.2,27.3,27.3,27.2
2026-01-28 03:55:00,27.3,74.3,27.3,27.3,27.2
2026-01-28 04:00:00,27.3,74.2,27.3,27.3,27.2
2026-01-28 04:05:00,27.3,74.2,27.3,27.2,27.2
2026-01-28 04:10:00,27.3,74.1,27.3,27.2,27.2
2026-01-28 04:15:00,27.3,74.2,27.3,27.2,27.2
2026-01-28 04:20:00,27.3,74.3,27.3,27.2,27.2
2026-01-28 04:25:00,27.3,74.3,27.2,27.2,27.2
2026-01-28 04:30:00,27.3,74.5,27.2,27.2,27.2
2026-01-28 04:35:00,27.2,74.5,27.2,27.2,27.2
2026-01-28 04:40:00,27.2,74.3,27.2,27.2,27.2
2026-01-28 04:45:00,27.2,74.4,27.2,27.2,27.2
2026-01-28 04:50:00,27.2,74.5,27.2,27.2,27.2
2026-01-28 04:55:00,27.2,74.5,27.2,27.2,27.2
2026-01-28 05:00:00,27.2,74.6,27.2,27.2,27.2
2026-01-28 05:05:00,27.2,74.7,27.2,27.2,27.2
2026-01-28 05:10:00,27.2,74.6,27.2,27.2,27.2
2026-01-28 05:15:00,27.2,74.5,27.2,27.2,27.2
2026-01-28 05:20:00,27.2,74.5,27.2,27.2,27.2
2026-01-28 05:25:00,27.2,74.4,27.2,27.2,27.2
2026-01-28 05:30:00,27.2,74.4,27.2,27.2,27.2
2026-01-28 05:35:00,27.2,74.5,27.2,27.2,27.2
2026-01-28 05:40:00,27.2,74.7,27.2,27.2,27.2
2026-01-28 05:45:00,27.2,74.7,27.2,27.2,27.2
2026-01-28 05:50:00,27.2,74.7,27.2,27.2,27.2
2026-01-28 05:55:00,27.2,74.8,27.2,27.2,27.2
2026-01-28 06:00:00,27.2,74.9,27.2,27.2,27.2
2026-01-28 06:05:00,27.2,74.7,27.2,27.2,27.1
2026-01-28 06:10:00,27.2,74.8,27.2,27.2,27.1
2026-01-28 06:15:00,27.2,74.8,27.2,27.2,27.2
2026-01-28 06:20:00,27.2,74.8,27.2,27.2,27.2
2026-01-28 06:25:00,27.2,74.8,27.2,27.2,27.2
2026-01-28 06:30:00,27.2,74.8,27.2,27.2,27.1
2026-01-28 06:35:00,27.2,74.7,27.2,27.1,27.2
2026-01-28 06:40:00,27.2,74.8,27.2,27.1,27.2
2026-01-28 06:45:00,27.2,74.9,27.2,27.2,27.2
2026-01-28 06:50:00,27.2,74.8,27.2,27.2,27.2
2026-01-28 06:55:00,27.2,75.0,27.1,27.2,27.2
2026-01-28 07:00:00,27.2,74.9,27.1,27.1,27.3
2026-01-28 07:05:00,27.1,74.9,27.2,27.2,27.3
2026-01-28 07:10:00,27.1,75.0,27.2,27.2,27.3
2026-01-28 07:15:00,27.2,75.1,27.2,27.2,27.3
2026-01-28 07:20:00,27.2,75.4,27.1,27.2,27.3
2026-01-28 07:25:00,27.2,75.8,27.2,27.2,27.3
2026-01-28 07:30:00,27.1,75.8,27.2,27.3,27.3
2026-01-28 07:35:00,27.2,76.0,27.2,27.3,27.3
2026-01-28 07:40:00,27.2,76.0,27.2,27.3,27.3
2026-01-28 07:45:00,27.2,75.7,27.2,27.3,27.3
2026-01-28 07:50:00,27.2,76.6,27.3,27.3,27.3
2026-01-28 07:55:00,27.2,75.5,27.3,27.3,27.3
2026-01-28 08:00:00,27.3,76.3,27.3,27.3,27.3
2026-01-28 08:05:00,27.3,76.3,27.3,27.3,27.3
2026-01-28 08:10:00,27.3,76.3,27.3,27.3,27.3
2026-01-28 08:15:00,27.3,76.5,27.3,27.3,27.3
2026-01-28 08:20:00,27.3,76.1,27.3,27.3,27.3
2026-01-28 08:25:00,27.3,76.2,27.3,27.3,27.3
2026-01-28 08:30:00,27.3,75.6,27.3,27.3,27.3
2026-01-28 08:35:00,27.3,75.8,27.3,27.3,27.3
2026-01-28 08:40:00,27.3,76.3,27.3,27.3,27.3
2026-01-28 08:45:00,27.3,76.8,27.3,27.3,27.3
2026-01-28 08:50:00,27.3,76.4,27.3,27.3,27.3
2026-01-28 08:55:00,27.3,76.0,27.3,27.3,27.3
2026-01-28 09:00:00,27.3,75.2,27.3,27.3,27.4
2026-01-28 09:05:00,27.3,76.3,27.3,27.3,27.4
2026-01-28 09:10:00,27.3,76.6,27.3,27.3,27.4
2026-01-28 09:15:00,27.3,76.1,27.3,27.3,27.4
2026-01-28 09:20:00,27.3,76.1,27.3,27.3,27.4
2026-01-28 09:25:00,27.3,76.2,27.3,27.3,27.5
2026-01-28 09:30:00,27.3,75.9,27.3,27.4,27.5
2026-01-28 09:35:00,27.3,76.2,27.3,27.4,27.4
2026-01-28 09:40:00,27.3,76.2,27.3,27.4,27.5
2026-01-28 09:45:00,27.3,75.7,27.3,27.4,27.4
2026-01-28 09:50:00,27.3,76.1,27.4,27.4,27.5
2026-01-28 09:55:00,27.3,76.2,27.4,27.5,27.5
2026-01-28 10:00:00,27.4,76.2,27.4,27.5,27.4
2026-01-28 10:05:00,27.4,75.8,27.4,27.4,27.5
2026-01-28 10:10:00,27.4,76.7,27.4,27.5,27.5
2026-01-28 10:15:00,27.4,76.8,27.5,27.4,27.5
2026-01-28 10:20:00,27.4,77.2,27.5,27.5,27.6
2026-01-28 10:25:00,27.5,76.5,27.4,27.5,27.5
2026-01-28 10:30:00,27.5,75.9,27.5,27.4,27.5
2026-01-28 10:35:00,27.4,75.8,27.4,27.5,27.5
2026-01-28 10:40:00,27.5,76.2,27.5,27.5,27.5
2026-01-28 10:45:00,27.4,75.4,27.5,27.5,27.5
2026-01-28 10:50:00,27.5,74.3,27.4,27.6,27.6
2026-01-28 10:55:00,27.5,73.5,27.5,27.5,27.5
2026-01-28 11:00:00,27.4,72.4,27.5,27.5,27.5
2026-01-28 11:05:00,27.5,71.6,27.5,27.5,27.5
2026-01-28 11:10:00,27.5,71.8,27.6,27.5,27.5
2026-01-28 11:15:00,27.5,71.9,27.5,27.5,27.5
2026-01-28 11:20:00,27.6,71.9,27.5,27.6,27.5
2026-01-28 11:25:00,27.5,72.4,27.5,27.5,27.5
2026-01-28 11:30:00,27.5,72.0,27.5,27.5,27.5
2026-01-28 11:35:00,27.5,72.0,27.5,27.5,27.5
2026-01-28 11:40:00,27.5,71.6,27.6,27.5,27.5
2026-01-28 11:45:00,27.5,72.7,27.5,27.5,27.5
2026-01-28 11:50:00,27.6,73.2,27.5,27.5,27.5
2026-01-28 11:55:00,27.5,73.5,27.5,27.5,27.5
2026-01-28 12:00:00,27.5,73.9,27.5,27.5,27.6
2026-01-28 12:05:00,27.5,74.1,27.5,27.5,27.6
2026-01-28 12:10:00,27.5,74.2,27.5,27.5,27.6
2026-01-28 12:15:00,27.5,74.4,27.5,27.5,27.6
2026-01-28 12:20:00,27.5,74.5,27.5,27.5,27.6
2026-01-28 12:25:00,27.5,74.7,27.5,27.5,27.6
2026-01-28 12:30:00,27.5,74.8,27.5,27.6,27.6
2026-01-28 12:35:00,27.5,74.6,27.5,27.6,27.6
2026-01-28 12:40:00,27.5,74.9,27.5,27.6,27.6
2026-01-28 12:45:00,27.5,75.0,27.5,27.6,27.6
2026-01-28 12:50:00,27.5,75.1,27.6,27.6,27.6
2026-01-28 12:55:00,27.5,74.9,27.6,27.6,27.6
2026-01-28 13:00:00,27.6,74.9,27.6,27.6,27.6
2026-01-28 13:05:00,27.6,74.4,27.6,27.6,27.6
2026-01-28 13:10:00,27.6,74.4,27.6,27.6,27.7
2026-01-28 13:15:00,27.6,74.0,27.6,27.6,27.7
2026-01-28 13:20:00,27.6,73.7,27.6,27.6,27.6
2026-01-28 13:25:00,27.6,73.6,27.6,27.6,27.6
2026-01-28 13:30:00,27.6,73.7,27.6,27.6,27.6
2026-01-28 13:35:00,27.6,73.7,27.6,27.6,27.6
2026-01-28 13:40:00,27.6,73.2,27.6,27.7,27.6
2026-01-28 13:45:00,27.6,73.1,27.6,27.7,27.6
2026-01-28 13:50:00,27.6,73.1,27.6,27.6,27.6
2026-01-28 13:55:00,27.6,73.2,27.6,27.6,27.6
2026-01-28 14:00:00,27.6,73.1,27.7,27.6,27.6
2026-01-28 14:05:00,27.6,73.0,27.7,27.6,27.6
2026-01-28 14:10:00,27.7,70.5,27.6,27.6,27.6
2026-01-28 14:15:00,27.7,71.0,27.6,27.6,27.6
2026-01-28 14:20:00,27.6,72.3,27.6,27.6,27.6
2026-01-28 14:25:00,27.6,72.7,27.6,27.6,27.6
2026-01-28 14:30:00,27.6,72.5,27.6,27.6,27.6
2026-01-28 14:35:00,27.6,72.3,27.6,27.6,27.6
2026-01-28 14:40:00,27.6,72.5,27.6,27.6,27.6
2026-01-28 14:45:00,27.6,72.5,27.6,27.6,27.6
2026-01-28 14:50:00,27.6,72.2,27.6,27.6,27.5
2026-01-28 14:55:00,27.6,71.8,27.6,27.6,27.6
2026-01-28 15:00:00,27.6,73.0,27.6,27.6,27.5
2026-01-28 15:05:00,27.6,74.5,27.6,27.6,27.5
2026-01-28 15:10:00,27.6,74.4,27.6,27.6,27.6
2026-01-28 15:15:00,27.6,74.6,27.6,27.6,27.6
2026-01-28 15:20:00,27.6,74.7,27.6,27.5,27.5
2026-01-28 15:25:00,27.6,74.6,27.6,27.6,27.5
2026-01-28 15:30:00,27.6,74.5,27.6,27.5,27.5
2026-01-28 15:35:00,27.6,73.7,27.6,27.5,27.5
2026-01-28 15:40:00,27.6,73.9,27.5,27.6,27.5
2026-01-28 15:45:00,27.6,73.8,27.6,27.6,27.5
2026-01-28 15:50:00,27.5,73.8,27.5,27.5,27.5
2026-01-28 15:55:00,27.6,73.6,27.5,27.5,27.5
2026-01-28 16:00:00,27.5,73.6,27.6,27.5,27.5
2026-01-28 16:05:00,27.5,73.6,27.6,27.5,27.8
2026-01-28 16:10:00,27.6,73.3,27.5,27.5,27.5
2026-01-28 16:15:00,27.6,72.9,27.5,27.5,27.5
2026-01-28 16:20:00,27.5,73.1,27.5,27.5,27.5
2026-01-28 16:25:00,27.5,73.3,27.5,27.5,27.5
2026-01-28 16:30:00,27.5,72.9,27.5,27.5,27.5
2026-01-28 16:35:00,27.5,72.1,27.5,27.8,27.5
2026-01-28 16:40:00,27.5,71.2,27.5,27.5,27.5
2026-01-28 16:45:00,27.5,71.1,27.5,27.5,27.5
2026-01-28 16:50:00,27.5,70.7,27.5,27.5,27.5
2026-01-28 16:55:00,27.5,70.8,27.8,27.5,27.5
2026-01-28 17:00:00,27.5,70.8,27.5,27.5,27.5
2026-01-28 17:05:00,27.8,65.7,27.5,27.5,27.5
2026-01-28 17:10:00,27.5,71.1,27.5,27.5,27.5
2026-01-28 17:15:00,27.5,71.0,27.5,27.5,27.5
2026-01-28 17:20:00,27.5,70.9,27.5,27.5,27.5
2026-01-28 17:25:00,27.5,70.9,27.5,27.5,27.5
2026-01-28 17:30:00,27.5,70.9,27.5,27.5,27.5
2026-01-28 17:35:00,27.5,70.9,27.5,27.5,27.5
2026-01-28 17:40:00,27.5,70.8,27.5,27.5,27.4
2026-01-28 17:45:00,27.5,70.3,27.5,27.5,27.5
2026-01-28 17:50:00,27.5,70.3,27.5,27.5,27.5
2026-01-28 17:55:00,27.5,70.1,27.5,27.5,27.5
2026-01-28 18:00:00,27.5,70.2,27.5,27.5,27.5
2026-01-28 18:05:00,27.5,70.3,27.5,27.5,27.5
2026-01-28 18:10:00,27.5,70.0,27.5,27.4,27.5
2026-01-28 18:15:00,27.5,69.9,27.5,27.5,27.5
2026-01-28 18:20:00,27.5,70.0,27.5,27.5,27.5
2026-01-28 18:25:00,27.5,70.0,27.5,27.5,27.5
2026-01-28 18:30:00,27.5,69.7,27.4,27.5,27.5
2026-01-28 18:35:00,27.5,69.5,27.5,27.5,27.5
2026-01-28 18:40:00,27.4,68.8,27.5,27.5,27.5
2026-01-28 18:45:00,27.5,68.6,27.5,27.5,27.5
2026-01-28 18:50:00,27.5,68.7,27.5,27.5,27.5
2026-01-28 18:55:00,27.5,68.7,27.5,27.5,27.5
2026-01-28 19:00:00,27.5,68.8,27.5,27.5,27.5
2026-01-28 19:05:00,27.5,68.5,27.5,27.5,27.5
2026-01-28 19:10:00,27.5,68.6,27.5,27.5,27.5
2026-01-28 19:15:00,27.5,68.6,27.5,27.5,27.5
2026-01-28 19:20:00,27.5,68.8,27.5,27.5,27.5
2026-01-28 19:25:00,27.5,69.0,27.5,27.5,27.5
2026-01-28 19:30:00,27.5,69.2,27.5,27.5,27.5
2026-01-28 19:35:00,27.5,69.1,27.5,27.5,27.5
2026-01-28 19:40:00,27.5,69.0,27.5,27.5,27.5
2026-01-28 19:45:00,27.5,68.7,27.5,27.5,27.4
2026-01-28 19:50:00,27.5,68.5,27.5,27.5,27.5
2026-01-28 19:55:00,27.5,68.5,27.5,27.5,27.5
2026-01-28 20:00:00,27.5,68.6,27.5,27.5,27.5
2026-01-28 20:05:00,27.5,68.5,27.5,27.5,27.5
2026-01-28 20:10:00,27.5,68.5,27.5,27.5,27.5
2026-01-28 20:15:00,27.5,68.5,27.5,27.4,27.5
2026-01-28 20:20:00,27.5,68.6,27.5,27.5,27.5
2026-01-28 20:25:00,27.5,68.6,27.5,27.5,27.5
2026-01-28 20:30:00,27.5,68.7,27.5,27.5,27.5
2026-01-28 20:35:00,27.5,68.9,27.4,27.5,27.5
2026-01-28 20:40:00,27.5,69.0,27.5,27.5,27.5
2026-01-28 20:45:00,27.4,69.2,27.5,27.5,27.5
2026-01-28 20:50:00,27.5,69.3,27.5,27.5,27.5
2026-01-28 20:55:00,27.5,69.4,27.5,27.5,27.5
2026-01-28 21:00:00,27.5,69.4,27.5,27.5,27.5
2026-01-28 21:05:00,27.5,69.5,27.5,27.5,27.5
2026-01-28 21:10:00,27.5,69.6,27.5,27.5,27.5
2026-01-28 21:15:00,27.5,69.6,27.5,27.5,27.5
2026-01-28 21:20:00,27.5,70.0,27.5,27.5,27.5
2026-01-28 21:25:00,27.5,70.1,27.5,27.5,27.4
2026-01-28 21:30:00,27.5,70.3,27.5,27.5,27.5
2026-01-28 21:35:00,27.5,70.5,27.5,27.5,27.4
2026-01-28 21:40:00,27.5,70.5,27.5,27.5,27.4
2026-01-28 21:45:00,27.5,70.4,27.5,27.5,27.4
2026-01-28 21:50:00,27.5,70.8,27.5,27.5,27.4
2026-01-28 21:55:00,27.5,70.5,27.5,27.4,27.4
2026-01-28 22:00:00,27.5,70.6,27.5,27.5,27.4
2026-01-28 22:05:00,27.5,70.5,27.5,27.4,27.5
2026-01-28 22:10:00,27.5,70.4,27.5,27.4,27.4
2026-01-28 22:15:00,27.5,70.2,27.4,27.4,27.4
2026-01-28 22:20:00,27.5,70.3,27.5,27.4,27.4
2026-01-28 22:25:00,27.4,70.2,27.4,27.4,27.4
2026-01-28 22:30:00,27.5,70.6,27.4,27.4,27.4
2026-01-28 22:35:00,27.4,70.5,27.4,27.5,27.4
2026-01-28 22:40:00,27.4,70.7,27.4,27.4,27.4
2026-01-28 22:45:00,27.4,70.9,27.4,27.4,27.4
2026-01-28 22:50:00,27.4,70.6,27.4,27.4,27.4
2026-01-28 22:55:00,27.4,70.7,27.5,27.4,27.4
2026-01-28 23:00:00,27.4,70.8,27.4,27.4,27.4
2026-01-28 23:05:00,27.5,70.8,27.4,27.4,27.4
2026-01-28 23:10:00,27.4,70.7,27.4,27.4,27.4
2026-01-28 23:15:00,27.4,70.4,27.4,27.4,27.4
2026-01-28 23:20:00,27.4,70.8,27.4,27.4,27.4
2026-01-28 23:25:00,27.4,70.4,27.4,27.4,27.4
2026-01-28 23:30:00,27.4,70.2,27.4,27.4,27.4
2026-01-28 23:35:00,27.4,70.7,27.4,27.4,27.4
2026-01-28 23:40:00,27.4,70.4,27.4,27.4,27.4
2026-01-28 23:45:00,27.4,70.2,27.4,27.4,27.4
2026-01-28 23:50:00,27.4,70.5,27.4,27.4,27.4
2026-01-28 23:55:00,27.4,69.9,27.4,27.4,27.4
2026-01-29 00:00:00,27.4,70.0,27.4,27.4,27.4
2026-01-29 00:05:00,27.4,70.2,27.4,27.4,27.4
2026-01-29 00:10:00,27.4,69.9,27.4,27.4,27.4
2026-01-29 00:15:00,27.4,70.0,27.4,27.4,27.4
2026-01-29 00:20:00,27.4,69.9,27.4,27.4,27.4
2026-01-29 00:25:00,27.4,69.8,27.4,27.4,27.4
2026-01-29 00:30:00,27.4,69.8,27.4,27.4,27.4
2026-01-29 00:35:00,27.4,69.7,27.4,27.4,27.3
2026-01-29 00:40:00,27.4,69.7,27.4,27.4,27.4
2026-01-29 00:45:00,27.4,69.8,27.4,27.4,27.4
2026-01-29 00:50:00,27.4,69.9,27.4,27.4,27.4
2026-01-29 00:55:00,27.4,69.8,27.4,27.4,27.3
2026-01-29 01:00:00,27.4,70.0,27.4,27.4,27.4
2026-01-29 01:05:00,27.4,69.9,27.4,27.3,27.3
2026-01-29 01:10:00,27.4,70.0,27.4,27.4,27.3
2026-01-29 01:15:00,27.4,70.4,27.4,27.4,27.3
2026-01-29 01:20:00,27.4,69.8,27.4,27.4,27.3
2026-01-29 01:25:00,27.4,69.5,27.3,27.3,27.3
2026-01-29 01:30:00,27.4,68.9,27.4,27.4,27.3
2026-01-29 01:35:00,27.3,69.4,27.4,27.3,27.3
2026-01-29 01:40:00,27.4,69.1,27.4,27.3,27.3
2026-01-29 01:45:00,27.4,67.9,27.3,27.3,27.3
2026-01-29 01:50:00,27.4,67.8,27.4,27.3,27.3
2026-01-29 01:55:00,27.3,68.2,27.3,27.3,27.3
2026-01-29 02:00:00,27.4,67.8,27.3,27.3,27.3
2026-01-29 02:05:00,27.3,67.6,27.3,27.3,27.3
2026-01-29 02:10:00,27.3,68.3,27.3,27.3,27.3
2026-01-29 02:15:00,27.3,68.4,27.3,27.3,27.3
2026-01-29 02:20:00,27.3,67.7,27.3,27.3,27.3
2026-01-29 02:25:00,27.3,67.4,27.3,27.3,27.3
2026-01-29 02:30:00,27.3,68.1,27.3,27.3,27.3
2026-01-29 02:35:00,27.3,67.9,27.3,27.3,27.2
2026-01-29 02:40:00,27.3,67.0,27.3,27.3,27.2
2026-01-29 02:45:00,27.3,67.4,27.3,27.3,27.2
2026-01-29 02:50:00,27.3,66.9,27.3,27.3,27.2
2026-01-29 02:55:00,27.3,66.3,27.3,27.3,27.2
2026-01-29 03:00:00,27.3,66.3,27.3,27.3,27.2
2026-01-29 03:05:00,27.3,67.5,27.3,27.2,27.2
2026-01-29 03:10:00,27.3,66.4,27.3,27.2,27.2
2026-01-29 03:15:00,27.3,66.4,27.3,27.2,27.2
2026-01-29 03:20:00,27.3,65.9,27.3,27.2,27.1
2026-01-29 03:25:00,27.3,65.9,27.2,27.2,27.1
2026-01-29 03:30:00,27.3,65.9,27.2,27.2,27.1
2026-01-29 03:35:00,27.2,65.8,27.2,27.2,27.1
2026-01-29 03:40:00,27.2,66.0,27.2,27.2,27.1
2026-01-29 03:45:00,27.2,65.8,27.2,27.2,27.1
2026-01-29 03:50:00,27.2,65.6,27.2,27.1,27.1
2026-01-29 03:55:00,27.2,65.6,27.2,27.1,27.1
2026-01-29 04:00:00,27.2,65.6,27.2,27.1,27.1
2026-01-29 04:05:00,27.2,65.6,27.2,27.1,27.1
2026-01-29 04:10:00,27.2,65.5,27.1,27.1,27.1
2026-01-29 04:15:00,27.2,65.4,27.1,27.1,27.1
2026-01-29 04:20:00,27.1,65.4,27.1,27.1,27.1
2026-01-29 04:25:00,27.1,65.4,27.1,27.1,27.1
2026-01-29 04:30:00,27.1,65.4,27.1,27.1,27.1
2026-01-29 04:35:00,27.1,65.6,27.1,27.1,27.1
2026-01-29 04:40:00,27.1,65.7,27.1,27.1,27.1
2026-01-29 04:45:00,27.1,65.8,27.1,27.1,27.0
2026-01-29 04:50:00,27.1,65.8,27.1,27.1,27.0
2026-01-29 04:55:00,27.1,65.7,27.1,27.1,27.0
2026-01-29 05:00:00,27.1,65.7,27.1,27.1,27.0
2026-01-29 05:05:00,27.1,65.6,27.1,27.1,27.0
2026-01-29 05:10:00,27.1,65.7,27.1,27.1,27.0
2026-01-29 05:15:00,27.1,65.8,27.1,27.0,27.0
2026-01-29 05:20:00,27.1,66.0,27.1,27.0,27.0
2026-01-29 05:25:00,27.1,66.1,27.1,27.0,27.0
2026-01-29 05:30:00,27.1,66.1,27.1,27.0,27.0
2026-01-29 05:35:00,27.1,66.0,27.0,27.0,27.0
2026-01-29 05:40:00,27.1,66.0,27.0,27.0,27.0
2026-01-29 05:45:00,27.0,65.8,27.0,27.0,27.0
2026-01-29 05:50:00,27.0,66.0,27.0,27.0,27.0
2026-01-29 05:55:00,27.0,66.0,27.0,27.0,27.0
2026-01-29 06:00:00,27.0,65.9,27.0,27.0,27.0
2026-01-29 06:05:00,27.0,65.9,27.0,27.0,27.0
2026-01-29 06:10:00,27.0,65.9,27.0,27.0,27.0
2026-01-29 06:15:00,27.0,66.1,27.0,27.0,27.0
2026-01-29 06:20:00,27.0,66.4,27.0,27.0,27.0
2026-01-29 06:25:00,27.0,66.6,27.0,27.0,27.1
2026-01-29 06:30:00,27.0,66.7,27.0,27.0,27.1
2026-01-29 06:35:00,27.0,66.8,27.0,27.0,27.1
2026-01-29 06:40:00,27.0,67.0,27.0,27.0,27.1
2026-01-29 06:45:00,27.0,67.1,27.0,27.0,27.8
2026-01-29 06:50:00,27.0,67.2,27.0,27.0,27.8
2026-01-29 06:55:00,27.0,67.3,27.0,27.1,27.8
2026-01-29 07:00:00,27.0,67.3,27.0,27.1,27.8
2026-01-29 07:05:00,27.0,67.5,27.0,27.1,27.8
2026-01-29 07:10:00,27.0,67.6,27.0,27.1,27.8
2026-01-29 07:15:00,27.0,67.9,27.1,27.8,27.8
2026-01-29 07:20:00,27.0,67.9,27.1,27.8,27.8
2026-01-29 07:25:00,27.1,68.0,27.1,27.8,27.8
2026-01-29 07:30:00,27.1,68.5,27.1,27.8,27.8
2026-01-29 07:35:00,27.1,68.3,27.8,27.8,27.8
2026-01-29 07:40:00,27.1,69.0,27.8,27.8,27.5
2026-01-29 07:45:00,27.8,63.8,27.8,27.8,27.5
2026-01-29 07:50:00,27.8,63.6,27.8,27.8,27.5
2026-01-29 07:55:00,27.8,63.6,27.8,27.8,27.5
2026-01-29 08:00:00,27.8,63.9,27.8,27.8,27.5
2026-01-29 08:05:00,27.8,64.0,27.8,27.8,27.5
2026-01-29 08:10:00,27.8,64.0,27.8,27.5,27.5
2026-01-29 08:15:00,27.8,64.0,27.8,27.5,27.3
2026-01-29 08:20:00,27.8,64.2,27.8,27.5,27.3
2026-01-29 08:25:00,27.8,64.1,27.8,27.5,27.2
2026-01-29 08:30:00,27.8,64.1,27.5,27.5,27.2
2026-01-29 08:35:00,27.8,63.7,27.5,27.5,27.2
2026-01-29 08:40:00,27.5,63.7,27.5,27.5,27.2
2026-01-29 08:45:00,27.5,63.7,27.5,27.3,27.2
2026-01-29 08:50:00,27.5,62.7,27.5,27.3,27.2
2026-01-29 08:55:00,27.5,62.2,27.5,27.2,27.2
2026-01-29 09:00:00,27.5,62.4,27.5,27.2,27.2
2026-01-29 09:05:00,27.5,62.3,27.3,27.2,27.2
2026-01-29 09:10:00,27.5,62.3,27.3,27.2,27.2
2026-01-29 09:15:00,27.3,62.3,27.2,27.2,27.2
2026-01-29 09:20:00,27.3,62.7,27.2,27.2,27.2
2026-01-29 09:25:00,27.2,62.8,27.2,27.2,27.2
2026-01-29 09:30:00,27.2,62.8,27.2,27.2,27.2
2026-01-29 09:35:00,27.2,63.2,27.2,27.2,27.2
2026-01-29 09:40:00,27.2,64.0,27.2,27.2,27.2
2026-01-29 09:45:00,27.2,64.0,27.2,27.2,27.2
2026-01-29 09:50:00,27.2,65.5,27.2,27.2,27.2
2026-01-29 09:55:00,27.2,66.1,27.2,27.2,27.2
2026-01-29 10:00:00,27.2,66.1,27.2,27.2,27.2
2026-01-29 10:05:00,27.2,67.7,27.2,27.2,27.2
2026-01-29 10:10:00,27.2,68.5,27.2,27.2,27.2
2026-01-29 10:15:00,27.2,69.3,27.2,27.2,27.2
2026-01-29 10:20:00,27.2,69.8,27.2,27.2,27.2
2026-01-29 10:25:00,27.2,70.1,27.2,27.2,27.2
2026-01-29 10:30:00,27.2,70.1,27.2,27.2,27.2
2026-01-29 10:35:00,27.2,70.1,27.2,27.2,27.2
2026-01-29 10:40:00,27.2,69.9,27.2,27.2,27.2
2026-01-29 10:45:00,27.2,69.7,27.2,27.2,27.2
2026-01-29 10:50:00,27.2,69.6,27.2,27.2,27.2
2026-01-29 10:55:00,27.2,69.3,27.2,27.2,27.2
2026-01-29 11:00:00,27.2,69.2,27.2,27.2,27.2
2026-01-29 11:05:00,27.2,68.9,27.2,27.2,27.2
2026-01-29 11:10:00,27.2,68.9,27.2,27.2,27.2
2026-01-29 11:15:00,27.2,68.8,27.2,27.2,27.2
2026-01-29 11:20:00,27.2,68.8,27.2,27.2,27.2
2026-01-29 11:25:00,27.2,69.1,27.2,27.2,27.2
2026-01-29 11:30:00,27.2,69.7,27.2,27.2,27.2
2026-01-29 11:35:00,27.2,69.7,27.2,27.2,27.2
2026-01-29 11:40:00,27.2,70.4,27.2,27.2,27.2
2026-01-29 11:45:00,27.2,70.4,27.2,27.2,27.2
2026-01-29 11:50:00,27.2,70.3,27.2,27.2,27.2
2026-01-29 11:55:00,27.2,70.2,27.2,27.2,27.2
2026-01-29 12:00:00,27.2,69.9,27.2,27.2,27.2
2026-01-29 12:05:00,27.2,70.5,27.2,27.2,27.2
2026-01-29 12:10:00,27.2,70.5,27.2,27.2,27.2
2026-01-29 12:15:00,27.2,70.8,27.2,27.2,27.2
2026-01-29 12:20:00,27.2,71.3,27.2,27.2,27.2
2026-01-29 12:25:00,27.2,71.3,27.2,27.2,27.2
2026-01-29 12:30:00,27.2,72.4,27.2,27.2,27.2
2026-01-29 12:35:00,27.2,72.4,27.2,27.2,27.2
2026-01-29 12:40:00,27.2,72.4,27.2,27.2,27.2
2026-01-29 12:45:00,27.2,72.4,27.2,27.2,27.2
2026-01-29 12:50:00,27.2,72.4,27.2,27.2,27.2
2026-01-29 12:55:00,27.2,75.9,27.2,27.2,27.2
2026-01-29 13:00:00,27.2,76.9,27.2,27.2,27.2
2026-01-29 13:05:00,27.2,77.5,27.2,27.2,27.2
2026-01-29 13:10:00,27.2,78.6,27.2,27.2,27.2
2026-01-29 13:15:00,27.2,79.3,27.2,27.2,27.2
2026-01-29 13:20:00,27.2,79.8,27.2,27.2,27.3
2026-01-29 13:25:00,27.2,79.8,27.2,27.2,27.2
2026-01-29 13:30:00,27.2,79.7,27.2,27.2,27.2
2026-01-29 13:35:00,27.2,79.2,27.2,27.2,27.2
2026-01-29 13:40:00,27.2,79.2,27.2,27.2,27.2
2026-01-29 13:45:00,27.2,78.1,27.2,27.2,27.3
2026-01-29 13:50:00,27.2,77.7,27.2,27.3,27.3
2026-01-29 13:55:00,27.2,77.2,27.2,27.2,27.3
2026-01-29 14:00:00,27.2,77.2,27.2,27.2,27.2
2026-01-29 14:05:00,27.2,76.1,27.2,27.2,27.2
2026-01-29 14:10:00,27.2,75.8,27.3,27.2,27.3
2026-01-29 14:15:00,27.2,75.1,27.2,27.3,27.3
2026-01-29 14:20:00,27.3,75.1,27.2,27.3,27.3
2026-01-29 14:25:00,27.2,73.0,27.2,27.3,27.3
2026-01-29 14:30:00,27.2,72.0,27.2,27.2,27.2
2026-01-29 14:35:00,27.2,71.1,27.3,27.2,27.2
2026-01-29 14:40:00,27.2,70.0,27.3,27.3,27.2
2026-01-29 14:45:00,27.3,69.4,27.3,27.3,27.2
2026-01-29 14:50:00,27.3,69.2,27.2,27.3,27.3
2026-01-29 14:55:00,27.3,68.8,27.2,27.3,27.3
2026-01-29 15:00:00,27.2,68.8,27.3,27.2,27.2
2026-01-29 15:05:00,27.2,68.9,27.3,27.2,27.2
2026-01-29 15:10:00,27.3,69.1,27.3,27.2,27.2
2026-01-29 15:15:00,27.3,68.8,27.3,27.2,27.2
2026-01-29 15:20:00,27.3,68.5,27.2,27.3,27.2
2026-01-29 15:25:00,27.3,67.8,27.2,27.3,27.2
2026-01-29 15:30:00,27.2,67.1,27.2,27.2,27.2
2026-01-29 15:35:00,27.2,66.1,27.2,27.2,27.2
2026-01-29 15:40:00,27.2,65.3,27.3,27.2,27.3
2026-01-29 15:45:00,27.2,64.4,27.3,27.2,27.2
2026-01-29 15:50:00,27.3,63.7,27.2,27.2,27.2
2026-01-29 15:55:00,27.3,63.7,27.2,27.2,27.2
2026-01-29 16:00:00,27.2,62.8,27.2,27.2,27.3
2026-01-29 16:05:00,27.2,62.3,27.2,27.2,27.2
2026-01-29 16:10:00,27.2,61.4,27.2,27.3,27.2
2026-01-29 16:15:00,27.2,60.9,27.2,27.2,27.2
2026-01-29 16:20:00,27.2,60.5,27.2,27.2,27.2
2026-01-29 16:25:00,27.2,59.8,27.2,27.2,27.2
2026-01-29 16:30:00,27.2,59.6,27.3,27.3,27.3
2026-01-29 16:35:00,27.2,59.1,27.2,27.2,27.3
2026-01-29 16:40:00,27.3,59.1,27.2,27.2,27.3
2026-01-29 16:45:00,27.2,58.4,27.2,27.2,27.3
2026-01-29 16:50:00,27.2,57.9,27.3,27.2,27.3
2026-01-29 16:55:00,27.2,57.5,27.2,27.2,27.2
2026-01-29 17:00:00,27.3,57.3,27.2,27.3,27.3
2026-01-29 17:05:00,27.2,57.2,27.2,27.3,27.3
2026-01-29 17:10:00,27.2,57.3,27.2,27.3,27.3
2026-01-29 17:15:00,27.2,57.9,27.2,27.3,27.3
2026-01-29 17:20:00,27.2,58.8,27.3,27.3,27.3
2026-01-29 17:25:00,27.2,58.8,27.3,27.2,27.2
2026-01-29 17:30:00,27.3,60.6,27.3,27.3,27.3
2026-01-29 17:35:00,27.3,61.8,27.3,27.3,27.3
2026-01-29 17:40:00,27.3,61.8,27.3,27.3,27.3
2026-01-29 17:45:00,27.3,63.0,27.2,27.3,27.3
2026-01-29 17:50:00,27.3,63.0,27.3,27.3,27.3
2026-01-29 17:55:00,27.2,63.6,27.3,27.2,27.2
2026-01-29 18:00:00,27.3,64.0,27.3,27.3,27.2
2026-01-29 18:05:00,27.3,64.6,27.3,27.3,27.2
2026-01-29 18:10:00,27.3,65.0,27.3,27.3,27.2
2026-01-29 18:15:00,27.3,65.1,27.2,27.3,27.2
2026-01-29 18:20:00,27.3,65.2,27.3,27.3,27.2
2026-01-29 18:25:00,27.2,65.1,27.3,27.2,27.2
2026-01-29 18:30:00,27.3,64.7,27.3,27.2,27.2
2026-01-29 18:35:00,27.3,64.2,27.3,27.2,27.2
2026-01-29 18:40:00,27.3,64.2,27.3,27.2,27.2
2026-01-29 18:45:00,27.3,63.6,27.2,27.2,27.2
2026-01-29 18:50:00,27.3,63.6,27.2,27.2,27.2
2026-01-29 18:55:00,27.2,63.5,27.2,27.2,27.2
2026-01-29 19:00:00,27.2,63.4,27.2,27.2,27.2
2026-01-29 19:05:00,27.2,63.2,27.2,27.2,27.2
2026-01-29 19:10:00,27.2,62.8,27.2,27.2,27.2
2026-01-29 19:15:00,27.2,62.5,27.2,27.2,27.2
2026-01-29 19:20:00,27.2,62.5,27.2,27.2,27.2
2026-01-29 19:25:00,27.2,62.5,27.2,27.2,27.2
2026-01-29 19:30:00,27.2,60.0,27.2,27.2,27.2
2026-01-29 19:35:00,27.2,60.0,27.2,27.2,27.2
2026-01-29 19:40:00,27.2,60.8,27.2,27.2,27.2
2026-01-29 19:45:00,27.2,61.8,27.2,27.2,27.2
2026-01-29 19:50:00,27.2,62.7,27.2,27.2,27.2
2026-01-29 19:55:00,27.2,62.7,27.2,27.2,27.2
2026-01-29 20:00:00,27.2,64.8,27.2,27.2,27.2
2026-01-29 20:05:00,27.2,65.7,27.2,27.2,27.2
2026-01-29 20:10:00,27.2,65.7,27.2,27.2,27.2
2026-01-29 20:15:00,27.2,67.2,27.2,27.2,27.2
2026-01-29 20:20:00,27.2,67.5,27.2,27.2,27.2
2026-01-29 20:25:00,27.2,67.5,27.2,27.2,27.2
2026-01-29 20:30:00,27.2,67.4,27.2,27.2,27.2
2026-01-29 20:35:00,27.2,67.3,27.2,27.2,27.2
2026-01-29 20:40:00,27.2,67.2,27.2,27.2,27.2
2026-01-29 20:45:00,27.2,67.2,27.2,27.2,27.2
2026-01-29 20:50:00,27.2,66.8,27.2,27.2,27.2
2026-01-29 20:55:00,27.2,66.4,27.2,27.2,27.2
2026-01-29 21:00:00,27.2,66.4,27.2,27.2,27.2
2026-01-29 21:05:00,27.2,65.5,27.2,27.2,27.2
2026-01-29 21:10:00,27.2,65.0,27.2,27.2,27.2
2026-01-29 21:15:00,27.2,65.0,27.2,27.2,27.2
2026-01-29 21:20:00,27.2,64.4,27.2,27.2,27.2
2026-01-29 21:25:00,27.2,64.5,27.2,27.2,27.2
2026-01-29 21:30:00,27.2,65.3,27.2,27.2,27.2
2026-01-29 21:35:00,27.2,65.3,27.2,27.2,27.2
2026-01-29 21:40:00,27.2,66.8,27.2,27.2,27.2
2026-01-29 21:45:00,27.2,67.2,27.2,27.2,27.2
2026-01-29 21:50:00,27.2,67.7,27.2,27.2,27.2
2026-01-29 21:55:00,27.2,67.9,27.2,27.2,27.2
2026-01-29 22:00:00,27.2,67.9,27.2,27.2,27.2
2026-01-29 22:05:00,27.2,67.9,27.2,27.2,27.2
2026-01-29 22:10:00,27.2,67.9,27.2,27.2,27.2
2026-01-29 22:15:00,27.2,67.8,27.2,27.2,27.2
2026-01-29 22:20:00,27.2,67.7,27.2,27.2,27.2
2026-01-29 22:25:00,27.2,67.7,27.2,27.2,27.2
2026-01-29 22:30:00,27.2,67.6,27.2,27.2,27.2
2026-01-29 22:35:00,27.2,67.4,27.2,27.2,27.2
2026-01-29 22:40:00,27.2,67.1,27.2,27.2,27.2
2026-01-29 22:45:00,27.2,66.6,27.2,27.2,27.2
2026-01-29 22:50:00,27.2,66.6,27.2,27.2,27.2
2026-01-29 22:55:00,27.2,65.6,27.2,27.2,27.2
2026-01-29 23:00:00,27.2,65.2,27.2,27.2,27.2
2026-01-29 23:05:00,27.2,65.1,27.2,27.2,27.2
2026-01-29 23:10:00,27.2,65.1,27.2,27.2,27.2
2026-01-29 23:15:00,27.2,65.8,27.2,27.2,27.2
2026-01-29 23:20:00,27.2,65.8,27.2,27.2,27.2
2026-01-29 23:25:00,27.2,67.9,27.2,27.2,27.2
2026-01-29 23:30:00,27.2,69.0,27.2,27.2,27.2
2026-01-29 23:35:00,27.2,69.9,27.2,27.2,27.2
2026-01-29 23:40:00,27.2,70.2,27.2,27.2,27.2
2026-01-29 23:45:00,27.2,70.2,27.2,27.2,27.2
2026-01-29 23:50:00,27.2,70.2,27.2,27.2,27.2
2026-01-29 23:55:00,27.2,69.9,27.2,27.2,27.2
2026-01-30 00:00:00,27.2,69.8,27.2,27.2,27.2
2026-01-30 00:05:00,27.2,69.7,27.2,27.2,27.2
2026-01-30 00:10:00,27.2,69.9,27.2,27.2,27.2
2026-01-30 00:15:00,27.2,70.0,27.2,27.2,27.2
2026-01-30 00:20:00,27.2,70.0,27.2,27.2,27.2
2026-01-30 00:25:00,27.2,69.2,27.2,27.2,27.3
2026-01-30 00:30:00,27.2,69.0,27.2,27.2,27.3
2026-01-30 00:35:00,27.2,69.0,27.2,27.2,27.2
2026-01-30 00:40:00,27.2,69.0,27.2,27.2,27.3
2026-01-30 00:45:00,27.2,67.0,27.2,27.2,27.3
2026-01-30 00:50:00,27.2,67.0,27.2,27.2,27.2
2026-01-30 00:55:00,27.2,66.7,27.2,27.3,27.2
2026-01-30 01:00:00,27.2,66.7,27.2,27.3,27.3
2026-01-30 01:05:00,27.2,65.9,27.2,27.2,27.4
2026-01-30 01:10:00,27.2,65.3,27.2,27.3,27.4
2026-01-30 01:15:00,27.2,65.0,27.3,27.3,27.5
2026-01-30 01:20:00,27.2,64.8,27.3,27.2,27.4
2026-01-30 01:25:00,27.3,64.8,27.2,27.2,27.5
2026-01-30 01:30:00,27.3,64.8,27.3,27.3,27.5
2026-01-30 01:35:00,27.2,64.8,27.3,27.4,27.6
2026-01-30 01:40:00,27.3,64.8,27.2,27.4,27.6
2026-01-30 01:45:00,27.3,64.3,27.2,27.5,27.5
2026-01-30 01:50:00,27.2,63.3,27.3,27.4,27.5
2026-01-30 01:55:00,27.2,62.3,27.4,27.5,27.6
2026-01-30 02:00:00,27.3,61.3,27.4,27.5,27.5
2026-01-30 02:05:00,27.4,61.3,27.5,27.6,27.6
2026-01-30 02:10:00,27.4,61.3,27.4,27.6,27.6
2026-01-30 02:15:00,27.5,59.2,27.5,27.5,27.5
2026-01-30 02:20:00,27.4,59.2,27.5,27.5,27.5
2026-01-30 02:25:00,27.5,58.8,27.6,27.6,27.5
2026-01-30 02:30:00,27.5,59.3,27.6,27.5,27.5
2026-01-30 02:35:00,27.6,59.4,27.5,27.6,27.4
2026-01-30 02:40:00,27.6,59.5,27.5,27.6,27.4
2026-01-30 02:45:00,27.5,59.9,27.6,27.5,27.4
2026-01-30 02:50:00,27.5,59.9,27.5,27.5,27.4
2026-01-30 02:55:00,27.6,60.6,27.6,27.5,27.3
2026-01-30 03:00:00,27.5,60.6,27.6,27.5,27.3
2026-01-30 03:05:00,27.6,60.9,27.5,27.4,27.3
2026-01-30 03:10:00,27.6,60.9,27.5,27.4,27.3
2026-01-30 03:15:00,27.5,61.1,27.5,27.4,27.2
2026-01-30 03:20:00,27.5,61.5,27.5,27.4,27.3
2026-01-30 03:25:00,27.5,61.5,27.4,27.3,27.3
2026-01-30 03:30:00,27.5,61.5,27.4,27.3,27.3
2026-01-30 03:35:00,27.4,61.5,27.4,27.3,27.3
2026-01-30 03:40:00,27.4,62.7,27.4,27.3,27.3
2026-01-30 03:45:00,27.4,63.1,27.3,27.2,27.2
2026-01-30 03:50:00,27.4,62.9,27.3,27.3,27.3
2026-01-30 03:55:00,27.3,62.6,27.3,27.3,27.3
2026-01-30 04:00:00,27.3,62.6,27.3,27.3,27.3
2026-01-30 04:05:00,27.3,62.8,27.2,27.3,27.2
2026-01-30 04:10:00,27.3,63.4,27.3,27.3,27.3
2026-01-30 04:15:00,27.2,64.1,27.3,27.2,27.3
2026-01-30 04:20:00,27.3,64.9,27.3,27.3,27.2
2026-01-30 04:25:00,27.3,65.7,27.3,27.3,27.3
2026-01-30 04:30:00,27.3,65.7,27.3,27.3,27.2
2026-01-30 04:35:00,27.3,65.6,27.2,27.2,27.2
2026-01-30 04:40:00,27.3,65.6,27.3,27.3,27.2
2026-01-30 04:45:00,27.2,65.1,27.3,27.3,27.3
2026-01-30 04:50:00,27.3,65.0,27.3,27.2,27.2
2026-01-30 04:55:00,27.3,65.3,27.2,27.3,27.2
2026-01-30 05:00:00,27.3,65.8,27.3,27.2,27.2
2026-01-30 05:05:00,27.2,66.4,27.3,27.2,27.2
2026-01-30 05:10:00,27.3,67.5,27.2,27.2,27.2
2026-01-30 05:15:00,27.3,68.4,27.3,27.3,27.2
2026-01-30 05:20:00,27.2,69.5,27.2,27.2,27.2
2026-01-30 05:25:00,27.3,70.1,27.2,27.2,27.2
2026-01-30 05:30:00,27.2,70.2,27.2,27.2,27.2
2026-01-30 05:35:00,27.2,70.1,27.3,27.2,27.2
2026-01-30 05:40:00,27.2,70.1,27.2,27.2,27.2
2026-01-30 05:45:00,27.3,69.8,27.2,27.2,27.2
2026-01-30 05:50:00,27.2,69.7,27.2,27.2,27.3
2026-01-30 05:55:00,27.2,69.7,27.2,27.2,27.2
2026-01-30 06:00:00,27.2,69.9,27.2,27.2,27.2
2026-01-30 06:05:00,27.2,69.9,27.2,27.2,27.3
2026-01-30 06:10:00,27.2,69.9,27.2,27.2,27.3
2026-01-30 06:15:00,27.2,69.6,27.2,27.2,27.3
2026-01-30 06:20:00,27.2,69.1,27.2,27.3,27.3
2026-01-30 06:25:00,27.2,69.1,27.2,27.2,27.3
2026-01-30 06:30:00,27.2,67.8,27.2,27.2,27.3
2026-01-30 06:35:00,27.2,67.2,27.2,27.3,27.3
2026-01-30 06:40:00,27.2,67.2,27.3,27.3,27.2
2026-01-30 06:45:00,27.2,66.1,27.2,27.3,27.2
2026-01-30 06:50:00,27.3,65.6,27.2,27.3,27.2
2026-01-30 06:55:00,27.2,64.9,27.3,27.3,27.2
2026-01-30 07:00:00,27.2,64.9,27.3,27.3,27.2
2026-01-30 07:05:00,27.3,64.0,27.3,27.3,27.2
2026-01-30 07:10:00,27.3,63.9,27.3,27.2,27.2
2026-01-30 07:15:00,27.3,64.4,27.3,27.2,27.2
2026-01-30 07:20:00,27.3,65.5,27.3,27.2,27.2
2026-01-30 07:25:00,27.3,66.1,27.3,27.2,27.2
2026-01-30 07:30:00,27.3,66.6,27.2,27.2,27.2
2026-01-30 07:35:00,27.3,67.0,27.2,27.2,27.2
2026-01-30 07:40:00,27.2,66.8,27.2,27.2,27.2
2026-01-30 07:45:00,27.2,66.7,27.2,27.2,27.2
2026-01-30 07:50:00,27.2,66.8,27.2,27.2,27.2
2026-01-30 07:55:00,27.2,66.9,27.2,27.2,27.2
2026-01-30 08:00:00,27.2,67.3,27.2,27.2,27.2
2026-01-30 08:05:00,27.2,67.3,27.2,27.2,27.2
2026-01-30 08:10:00,27.2,67.8,27.2,27.2,27.2
2026-01-30 08:15:00,27.2,68.0,27.2,27.2,27.2
2026-01-30 08:20:00,27.2,68.0,27.2,27.2,27.2
2026-01-30 08:25:00,27.2,67.7,27.2,27.2,27.2
2026-01-30 08:30:00,27.2,67.6,27.2,27.2,27.2
2026-01-30 08:35:00,27.2,66.8,27.2,27.2,27.2
2026-01-30 08:40:00,27.2,67.0,27.2,27.2,27.2
2026-01-30 08:45:00,27.2,66.7,27.2,27.2,27.2
2026-01-30 08:50:00,27.2,66.7,27.2,27.2,27.2
2026-01-30 08:55:00,27.2,66.7,27.2,27.2,27.2
2026-01-30 09:00:00,27.2,66.9,27.2,27.2,27.2
2026-01-30 09:05:00,27.2,66.8,27.2,27.2,27.2
2026-01-30 09:10:00,27.2,67.0,27.2,27.2,27.2
2026-01-30 09:15:00,27.2,67.4,27.2,27.2,27.2
2026-01-30 09:20:00,27.2,68.4,27.2,27.2,27.2
2026-01-30 09:25:00,27.2,69.5,27.2,27.2,27.2
2026-01-30 09:30:00,27.2,69.5,27.2,27.2,27.2
2026-01-30 09:35:00,27.2,71.9,27.2,27.2,27.2
2026-01-30 09:40:00,27.2,71.9,27.2,27.2,27.2
2026-01-30 09:45:00,27.2,73.4,27.2,27.2,27.2
2026-01-30 09:50:00,27.2,73.8,27.2,27.2,27.3
2026-01-30 09:55:00,27.2,74.3,27.2,27.2,27.3
2026-01-30 10:00:00,27.2,74.3,27.2,27.2,27.4
2026-01-30 10:05:00,27.2,75.3,27.2,27.2,27.4
2026-01-30 10:10:00,27.2,75.3,27.2,27.2,27.4
2026-01-30 10:15:00,27.2,76.8,27.2,27.2,27.4
2026-01-30 10:20:00,27.2,77.7,27.2,27.3,27.4
2026-01-30 10:25:00,27.2,78.3,27.2,27.3,27.5
2026-01-30 10:30:00,27.2,78.5,27.2,27.4,27.5
2026-01-30 10:35:00,27.2,78.5,27.2,27.4,27.6
2026-01-30 10:40:00,27.2,78.2,27.3,27.4,27.5
2026-01-30 10:45:00,27.2,78.0,27.3,27.4,27.5
2026-01-30 10:50:00,27.3,77.6,27.4,27.4,27.6
2026-01-30 10:55:00,27.3,77.8,27.4,27.5,27.6
2026-01-30 11:00:00,27.4,78.1,27.4,27.5,27.5
2026-01-30 11:05:00,27.4,78.9,27.4,27.6,27.5
2026-01-30 11:10:00,27.4,79.7,27.4,27.5,27.5
2026-01-30 11:15:00,27.4,79.7,27.5,27.5,27.5
2026-01-30 11:20:00,27.4,79.7,27.5,27.6,27.5
2026-01-30 11:25:00,27.5,80.6,27.6,27.6,27.5
2026-01-30 11:30:00,27.5,80.4,27.5,27.5,27.3
2026-01-30 11:35:00,27.6,79.9,27.5,27.5,27.2
2026-01-30 11:40:00,27.5,79.8,27.6,27.5,27.2
2026-01-30 11:45:00,27.5,80.1,27.6,27.5,27.2
2026-01-30 11:50:00,27.6,80.3,27.5,27.5,27.2
2026-01-30 11:55:00,27.6,81.1,27.5,27.5,27.2
2026-01-30 12:00:00,27.5,81.7,27.5,27.3,27.2
2026-01-30 12:05:00,27.5,82.2,27.5,27.2,27.2
2026-01-30 12:10:00,27.5,82.6,27.5,27.2,27.2
2026-01-30 12:15:00,27.5,82.8,27.5,27.2,27.2
2026-01-30 12:20:00,27.5,82.8,27.3,27.2,27.2
2026-01-30 12:25:00,27.5,82.7,27.2,27.2,27.2
2026-01-30 12:30:00,27.3,82.0,27.2,27.2,27.2
2026-01-30 12:35:00,27.2,81.2,27.2,27.2,27.2
2026-01-30 12:40:00,27.2,81.2,27.2,27.2,27.2
2026-01-30 12:45:00,27.2,79.8,27.2,27.2,27.2
2026-01-30 12:50:00,27.2,79.3,27.2,27.2,27.2
2026-01-30 12:55:00,27.2,79.3,27.2,27.2,27.2
2026-01-30 13:00:00,27.2,78.3,27.2,27.2,27.2
2026-01-30 13:05:00,27.2,78.0,27.2,27.2,27.2
2026-01-30 13:10:00,27.2,77.8,27.2,27.2,27.2
2026-01-30 13:15:00,27.2,77.8,27.2,27.2,27.2
2026-01-30 13:20:00,27.2,78.1,27.2,27.2,27.2
2026-01-30 13:25:00,27.2,78.6,27.2,27.2,27.2
2026-01-30 13:30:00,27.2,79.4,27.2,27.2,27.2
2026-01-30 13:35:00,27.2,80.0,27.2,27.2,27.2
2026-01-30 13:40:00,27.2,80.0,27.2,27.2,27.2
2026-01-30 13:45:00,27.2,81.3,27.2,27.2,27.2
2026-01-30 13:50:00,27.2,81.6,27.2,27.2,27.2
2026-01-30 13:55:00,27.2,81.8,27.2,27.2,27.2
2026-01-30 14:00:00,27.2,81.4,27.2,27.2,27.2
2026-01-30 14:05:00,27.2,81.4,27.2,27.2,27.2
2026-01-30 14:10:00,27.2,79.6,27.2,27.2,27.2
2026-01-30 14:15:00,27.2,78.9,27.2,27.2,27.2
2026-01-30 14:20:00,27.2,78.5,27.2,27.2,27.2
2026-01-30 14:25:00,27.2,78.5,27.2,27.2,27.2
2026-01-30 14:30:00,27.2,78.5,27.2,27.2,27.2
2026-01-30 14:35:00,27.2,78.6,27.2,27.2,27.2
2026-01-30 14:40:00,27.2,78.8,27.2,27.2,27.2
2026-01-30 14:45:00,27.2,78.9,27.2,27.2,27.2
2026-01-30 14:50:00,27.2,79.1,27.2,27.2,27.2
2026-01-30 14:55:00,27.2,79.3,27.2,27.2,27.2
2026-01-30 15:00:00,27.2,79.4,27.2,27.2,27.2
2026-01-30 15:05:00,27.2,79.4,27.2,27.2,27.2
2026-01-30 15:10:00,27.2,78.3,27.2,27.2,27.2
2026-01-30 15:15:00,27.2,77.7,27.2,27.2,27.2
2026-01-30 15:20:00,27.2,77.7,27.2,27.2,27.2
2026-01-30 15:25:00,27.2,77.7,27.2,27.2,27.2
2026-01-30 15:30:00,27.2,74.0,27.2,27.2,27.2
2026-01-30 15:35:00,27.2,72.9,27.2,27.2,27.2
2026-01-30 15:40:00,27.2,71.6,27.2,27.2,27.2
2026-01-30 15:45:00,27.2,70.7,27.2,27.2,27.2
2026-01-30 15:50:00,27.2,70.4,27.2,27.2,27.2
2026-01-30 15:55:00,27.2,70.2,27.2,27.2,27.2
2026-01-30 16:00:00,27.2,70.3,27.2,27.2,27.2
2026-01-30 16:05:00,27.2,69.9,27.2,27.2,27.2
2026-01-30 16:10:00,27.2,69.9,27.2,27.2,27.2
2026-01-30 16:15:00,27.2,68.7,27.2,27.2,27.2
2026-01-30 16:20:00,27.2,68.7,27.2,27.2,27.2
2026-01-30 16:25:00,27.2,68.6,27.2,27.2,27.2
2026-01-30 16:30:00,27.2,69.0,27.2,27.2,27.2
2026-01-30 16:35:00,27.2,69.9,27.2,27.2,27.2
2026-01-30 16:40:00,27.2,71.2,27.2,27.2,27.2
2026-01-30 16:45:00,27.2,72.5,27.2,27.2,27.2
2026-01-30 16:50:00,27.2,73.4,27.2,27.2,27.2
2026-01-30 16:55:00,27.2,73.9,27.2,27.2,27.2
2026-01-30 17:00:00,27.2,73.9,27.2,27.2,27.2
2026-01-30 17:05:00,27.2,73.5,27.2,27.2,27.2
2026-01-30 17:10:00,27.2,72.8,27.2,27.2,27.2
2026-01-30 17:15:00,27.2,72.0,27.2,27.2,27.2
2026-01-30 17:20:00,27.2,71.4,27.2,27.2,27.3
2026-01-30 17:25:00,27.2,70.7,27.2,27.2,27.3
2026-01-30 17:30:00,27.2,70.3,27.2,27.2,27.2
2026-01-30 17:35:00,27.2,70.2,27.2,27.2,27.2
2026-01-30 17:40:00,27.2,70.1,27.2,27.2,27.2
2026-01-30 17:45:00,27.2,69.7,27.2,27.2,27.3
2026-01-30 17:50:00,27.2,69.7,27.2,27.3,27.2
2026-01-30 17:55:00,27.2,69.4,27.2,27.3,27.2
2026-01-30 18:00:00,27.2,68.9,27.2,27.2,27.2
2026-01-30 18:05:00,27.2,68.9,27.2,27.2,27.2
2026-01-30 18:10:00,27.2,68.4,27.3,27.2,27.2
2026-01-30 18:15:00,27.2,68.3,27.3,27.3,27.2
2026-01-30 18:20:00,27.3,68.6,27.2,27.2,27.2
2026-01-30 18:25:00,27.3,69.1,27.2,27.2,27.2
2026-01-30 18:30:00,27.2,70.1,27.2,27.2,27.2
2026-01-30 18:35:00,27.2,70.9,27.3,27.2,27.2
2026-01-30 18:40:00,27.2,71.9,27.2,27.2,27.2
2026-01-30 18:45:00,27.3,72.8,27.2,27.2,27.2
2026-01-30 18:50:00,27.2,73.3,27.2,27.2,27.2
2026-01-30 18:55:00,27.2,74.1,27.2,27.2,27.2
2026-01-30 19:00:00,27.2,74.7,27.2,27.2,27.2
2026-01-30 19:05:00,27.2,75.1,27.2,27.2,27.2
2026-01-30 19:10:00,27.2,75.2,27.2,27.2,27.2
2026-01-30 19:15:00,27.2,75.0,27.2,27.2,27.2
2026-01-30 19:20:00,27.2,74.5,27.2,27.2,27.3
2026-01-30 19:25:00,27.2,73.9,27.2,27.2,27.2
2026-01-30 19:30:00,27.2,73.6,27.2,27.2,27.3
2026-01-30 19:35:00,27.2,72.9,27.2,27.2,27.2
2026-01-30 19:40:00,27.2,72.4,27.2,27.2,27.2
2026-01-30 19:45:00,27.2,71.9,27.2,27.2,27.2
2026-01-30 19:50:00,27.2,71.1,27.2,27.3,27.2
2026-01-30 19:55:00,27.2,71.1,27.2,27.2,27.2
2026-01-30 20:00:00,27.2,71.2,27.2,27.3,27.2
2026-01-30 20:05:00,27.2,71.2,27.2,27.2,27.2
2026-01-30 20:10:00,27.2,71.3,27.3,27.2,27.2
2026-01-30 20:15:00,27.2,70.9,27.2,27.2,27.2
2026-01-30 20:20:00,27.3,70.7,27.3,27.2,27.2
2026-01-30 20:25:00,27.2,69.9,27.2,27.2,27.2
2026-01-30 20:30:00,27.3,69.1,27.2,27.2,27.2
2026-01-30 20:35:00,27.2,68.3,27.2,27.2,27.2
2026-01-30 20:40:00,27.2,67.8,27.2,27.2,27.2
2026-01-30 20:45:00,27.2,67.7,27.2,27.2,27.2
2026-01-30 20:50:00,27.2,67.4,27.2,27.2,27.2
2026-01-30 20:55:00,27.2,67.4,27.2,27.2,27.2
2026-01-30 21:00:00,27.2,67.1,27.2,27.2,27.3
2026-01-30 21:05:00,27.2,66.6,27.2,27.2,27.3
2026-01-30 21:10:00,27.2,66.6,27.2,27.2,27.3
2026-01-30 21:15:00,27.2,65.4,27.2,27.2,27.3
2026-01-30 21:20:00,27.2,65.2,27.2,27.2,27.4
2026-01-30 21:25:00,27.2,65.2,27.2,27.2,27.4
2026-01-30 21:30:00,27.2,65.3,27.2,27.3,27.4
2026-01-30 21:35:00,27.2,65.9,27.2,27.3,27.4
2026-01-30 21:40:00,27.2,66.5,27.2,27.3,27.6
2026-01-30 21:45:00,27.2,66.9,27.2,27.3,27.6
2026-01-30 21:50:00,27.2,67.3,27.3,27.4,27.5
2026-01-30 21:55:00,27.2,67.8,27.3,27.4,27.5
2026-01-30 22:00:00,27.3,68.2,27.3,27.4,27.6
2026-01-30 22:05:00,27.3,68.3,27.3,27.4,27.6
2026-01-30 22:10:00,27.3,68.3,27.4,27.6,27.6
2026-01-30 22:15:00,27.3,67.9,27.4,27.6,
2026-01-30 22:20:00,27.4,67.9,27.4,27.5,
2026-01-30 22:25:00,27.4,67.0,27.4,27.5,
2026-01-30 22:30:00,27.4,66.7,27.6,27.6,
2026-01-30 22:35:00,27.4,66.5,27.6,27.6,
2026-01-30 22:40:00,27.6,66.7,27.5,27.6,
2026-01-30 22:45:00,27.6,67.6,27.5,,
2026-01-30 22:50:00,27.5,68.4,27.6,,
2026-01-30 22:55:00,27.5,69.7,27.6,,
2026-01-30 23:00:00,27.6,70.6,27.6,,
2026-01-30 23:05:00,27.6,71.3,,,
2026-01-30 23:10:00,27.6,71.3,,,
