Timestamp,Temp_C,Humidity
2026-01-23 23:11:17,28.4,62.8
2026-01-23 23:16:17,27.7,62.7
2026-01-23 23:21:17,27.8,62.9
2026-01-23 23:26:17,27.6,63.0
2026-01-23 23:31:17,27.6,62.6
2026-01-23 23:36:17,27.6,62.3
2026-01-23 23:41:17,27.6,62.6
2026-01-23 23:46:17,27.6,62.6
2026-01-23 23:51:17,27.6,63.0
2026-01-23 23:56:17,27.7,62.5
2026-01-24 00:01:17,27.6,62.8
2026-01-24 00:06:17,27.5,63.0
2026-01-24 00:11:17,27.6,64.0
2026-01-24 00:16:17,27.6,64.0
2026-01-24 00:21:17,27.6,63.7
2026-01-24 00:26:17,27.6,64.2
2026-01-24 00:31:17,27.6,64.3
2026-01-24 00:36:17,27.6,63.8
2026-01-24 00:41:17,27.6,64.2
2026-01-24 00:46:17,27.6,63.7
2026-01-24 00:51:17,27.6,63.5
2026-01-24 00:56:17,27.6,63.4
2026-01-24 01:01:17,27.6,63.6
2026-01-24 01:06:17,27.6,64.0
2026-01-24 01:11:17,27.6,63.7
2026-01-24 01:16:17,27.6,63.7
2026-01-24 01:21:17,27.6,64.8
2026-01-24 01:26:17,27.6,65.0
2026-01-24 01:31:17,27.6,64.2
2026-01-24 01:36:17,27.6,64.2
2026-01-24 01:41:17,27.6,65.0
2026-01-24 01:46:17,27.6,65.0
2026-01-24 01:51:17,27.6,64.5
2026-01-24 01:56:17,27.6,64.2
2026-01-24 02:01:17,27.6,64.0
2026-01-24 02:06:17,27.6,64.0
2026-01-24 02:11:17,27.6,64.1
2026-01-24 02:16:17,27.6,64.0
2026-01-24 02:21:17,27.6,64.2
2026-01-24 02:26:17,27.6,64.1
2026-01-24 02:31:17,27.6,64.2
2026-01-24 02:36:17,27.6,64.3
2026-01-24 02:41:17,27.6,64.2
2026-01-24 02:46:17,27.5,64.2
2026-01-24 02:51:17,27.5,64.1
2026-01-24 02:56:17,27.6,64.4
2026-01-24 03:01:17,27.5,64.2
2026-01-24 03:06:17,27.6,64.6
2026-01-24 03:11:17,27.5,64.3
2026-01-24 03:16:17,27.6,64.2
2026-01-24 03:21:17,27.5,64.2
2026-01-24 03:26:17,27.5,64.2
2026-01-24 03:31:17,27.5,64.1
2026-01-24 03:36:17,27.5,64.4
2026-01-24 03:41:17,27.5,64.4
2026-01-24 03:46:17,27.5,64.6
2026-01-24 03:51:17,27.5,64.8
2026-01-24 03:56:17,27.5,64.7
2026-01-24 04:01:17,27.5,64.8
2026-01-24 04:06:17,27.5,65.4
2026-01-24 04:11:17,27.5,65.3
2026-01-24 04:16:17,27.5,65.2
2026-01-24 04:21:17,27.5,65.2
2026-01-24 04:26:17,27.5,65.1
2026-01-24 04:31:17,27.5,65.0
2026-01-24 04:36:17,27.5,65.3
2026-01-24 04:41:17,27.5,65.6
2026-01-24 04:46:17,27.5,65.4
2026-01-24 04:51:17,27.5,65.7
2026-01-24 04:56:17,27.4,65.9
2026-01-24 05:01:17,27.5,66.2
2026-01-24 05:06:17,27.5,65.4
2026-01-24 05:11:17,27.4,65.5
2026-01-24 05:16:17,27.4,65.1
2026-01-24 05:21:17,27.5,66.0
2026-01-24 05:26:17,27.4,65.0
2026-01-24 05:31:17,27.5,65.5
2026-01-24 05:36:17,27.5,65.1
2026-01-24 05:41:17,27.5,65.6
2026-01-24 05:46:17,27.5,65.3
2026-01-24 05:51:17,27.5,65.7
2026-01-24 05:56:17,27.4,65.4
2026-01-24 06:01:17,27.4,65.6
2026-01-24 06:06:17,27.4,65.3
2026-01-24 06:11:17,27.4,65.2
2026-01-24 06:16:17,27.4,65.2
2026-01-24 06:21:17,27.4,65.0
2026-01-24 06:26:17,27.4,65.5
2026-01-24 06:31:17,27.4,65.7
2026-01-24 06:36:17,27.4,65.1
2026-01-24 06:41:17,27.4,64.8
2026-01-24 06:46:17,27.4,65.7
2026-01-24 06:51:17,27.4,65.4
2026-01-24 06:56:17,27.4,65.9
2026-01-24 07:01:17,27.4,65.0
2026-01-24 07:06:17,27.4,64.8
2026-01-24 07:11:17,27.4,65.5
2026-01-24 07:16:17,27.4,64.8
2026-01-24 07:21:17,27.4,64.5
2026-01-24 07:26:17,27.4,65.8
2026-01-24 07:31:17,27.4,65.6
2026-01-24 07:36:17,27.4,65.5
2026-01-24 07:41:17,27.4,65.3
2026-01-24 07:46:17,27.4,65.3
2026-01-24 07:51:17,27.4,65.4
2026-01-24 07:56:17,27.4,65.1
2026-01-24 08:01:17,27.4,65.0
2026-01-24 08:06:17,27.4,64.8
2026-01-24 08:11:17,27.4,65.2
2026-01-24 08:16:17,27.4,65.4
2026-01-24 08:21:17,27.4,65.5
2026-01-24 08:26:17,27.4,65.5
2026-01-24 08:31:17,27.4,65.6
2026-01-24 08:36:17,27.4,65.8
2026-01-24 08:41:17,27.4,65.7
2026-01-24 08:46:17,27.4,65.2
2026-01-24 08:51:17,27.4,66.0
2026-01-24 08:56:17,27.4,65.3
2026-01-24 09:01:17,27.4,65.7
2026-01-24 09:06:17,27.4,65.3
2026-01-24 09:11:17,27.4,65.6
2026-01-24 09:16:17,27.5,65.6
2026-01-24 09:21:17,27.4,65.8
2026-01-24 09:26:17,27.4,65.8
2026-01-24 09:31:17,27.4,65.6
2026-01-24 09:36:17,27.5,65.6
2026-01-24 09:41:17,27.4,65.6
2026-01-24 09:46:17,27.4,66.3
2026-01-24 09:51:17,27.5,66.4
2026-01-24 09:56:17,27.5,66.4
2026-01-24 10:01:17,27.4,66.7
2026-01-24 10:06:17,27.4,65.8
2026-01-24 10:11:17,27.5,66.6
2026-01-24 10:16:17,27.5,66.7
2026-01-24 10:21:17,27.5,66.7
2026-01-24 10:26:17,28.0,70.4
2026-01-24 10:31:17,27.7,66.6
2026-01-24 10:36:17,27.6,67.8
2026-01-24 10:41:17,27.6,68.2
2026-01-24 10:46:17,27.6,68.5
2026-01-24 10:51:17,27.6,68.7
2026-01-24 10:56:17,27.6,68.7
2026-01-24 11:01:17,27.6,69.5
2026-01-24 11:06:17,27.7,68.9
2026-01-24 11:11:17,27.7,70.4
2026-01-24 11:16:17,27.7,70.8
2026-01-24 11:21:17,27.7,71.2
2026-01-24 11:26:17,27.7,71.7
2026-01-24 11:31:17,27.7,72.0
2026-01-24 11:36:17,27.7,71.9
2026-01-24 11:41:17,27.7,71.7
2026-01-24 11:46:17,27.7,71.8
2026-01-24 11:51:17,27.7,71.6
2026-01-24 11:56:17,27.7,71.4
2026-01-24 12:01:17,27.7,71.4
2026-01-24 12:06:17,27.7,71.1
2026-01-24 12:11:17,27.7,71.0
2026-01-24 12:16:17,27.7,70.9
2026-01-24 12:21:17,27.7,70.7
2026-01-24 12:26:17,27.7,70.6
2026-01-24 12:31:17,27.7,70.5
2026-01-24 12:36:17,27.7,70.5
2026-01-24 12:41:17,27.7,70.5
2026-01-24 12:46:17,27.7,70.3
2026-01-24 12:51:17,27.7,70.2
2026-01-24 12:56:17,27.7,70.1
2026-01-24 13:01:17,27.7,70.3
2026-01-24 13:06:17,27.7,70.4
2026-01-24 13:11:17,27.7,70.3
2026-01-24 13:16:17,27.7,70.1
2026-01-24 13:21:17,27.7,70.2
2026-01-24 13:26:17,27.7,70.3
2026-01-24 13:31:17,27.7,70.2
2026-01-24 13:36:17,27.6,70.1
2026-01-24 13:41:17,27.6,70.1
2026-01-24 13:46:17,27.6,70.3
2026-01-24 13:51:17,27.6,69.8
2026-01-24 13:56:17,27.6,70.0
2026-01-24 14:01:17,27.6,70.1
2026-01-24 14:06:17,27.7,70.2
2026-01-24 14:11:17,27.7,70.0
2026-01-24 14:16:17,27.7,70.2
2026-01-24 14:21:17,27.6,70.0
2026-01-24 14:26:17,27.7,70.0
2026-01-24 14:31:17,27.6,69.3
2026-01-24 14:36:17,27.6,70.0
2026-01-24 14:41:17,27.6,69.7
2026-01-24 14:46:17,27.7,69.9
2026-01-24 14:51:17,27.7,69.8
2026-01-24 14:56:17,27.7,69.9
2026-01-24 15:01:17,27.7,69.8
2026-01-24 15:06:17,27.7,69.7
2026-01-24 15:11:17,27.7,69.8
2026-01-24 15:16:17,27.6,69.5
2026-01-24 15:21:17,27.6,69.1
2026-01-24 15:26:17,27.6,69.5
2026-01-24 15:31:17,27.6,69.4
2026-01-24 15:36:17,27.6,69.4
2026-01-24 15:41:17,27.7,69.3
2026-01-24 15:46:17,27.6,68.8
2026-01-24 15:51:17,27.6,69.2
2026-01-24 15:56:17,27.6,69.1
2026-01-24 16:01:17,27.7,68.8
2026-01-24 16:06:17,27.6,68.5
2026-01-24 16:11:17,27.7,67.9
2026-01-24 16:16:17,27.7,68.5
2026-01-24 16:21:17,27.7,68.1
2026-01-24 16:26:17,27.6,68.0
2026-01-24 16:31:17,27.7,68.5
2026-01-24 16:36:17,27.7,68.4
2026-01-24 16:41:17,27.7,68.3
2026-01-24 16:46:17,27.7,68.0
2026-01-24 16:51:17,27.6,67.9
2026-01-24 16:56:17,27.6,67.8
2026-01-24 17:01:17,27.7,68.0
2026-01-24 17:06:17,27.6,67.5
2026-01-24 17:11:17,27.6,67.5
2026-01-24 17:16:17,27.6,67.1
2026-01-24 17:21:17,27.6,67.4
2026-01-24 17:26:17,27.6,67.7
2026-01-24 17:31:17,27.6,67.2
2026-01-24 17:36:17,27.6,67.7
2026-01-24 17:41:17,27.7,66.6
2026-01-24 17:46:17,27.6,65.1
2026-01-24 17:51:17,27.6,66.1
2026-01-24 17:56:17,27.6,67.0
2026-01-24 18:01:17,27.6,66.5
2026-01-24 18:06:17,27.6,66.5
2026-01-24 18:11:17,27.6,66.0
2026-01-24 18:16:17,27.6,65.9
2026-01-24 18:21:17,27.6,65.6
2026-01-24 18:26:17,27.6,66.9
2026-01-24 18:31:17,27.6,67.0
2026-01-24 18:36:17,27.6,66.2
2026-01-24 18:41:17,27.6,66.5
2026-01-24 18:46:17,27.6,66.3
2026-01-24 18:51:17,27.6,66.6
2026-01-24 18:56:17,27.6,66.4
2026-01-24 19:01:17,27.5,66.7
2026-01-24 19:06:17,27.5,66.4
2026-01-24 19:11:17,27.6,65.9
2026-01-24 19:16:17,27.6,66.3
2026-01-24 19:21:17,27.5,66.3
2026-01-24 19:26:17,27.5,65.6
2026-01-24 19:31:17,27.5,65.6
2026-01-24 19:36:17,27.5,65.0
2026-01-24 19:41:17,27.5,66.0
2026-01-24 19:46:17,27.5,65.9
2026-01-24 19:51:17,27.5,65.4
2026-01-24 19:56:17,27.5,65.4
2026-01-24 20:01:17,27.5,65.1
2026-01-24 20:06:17,27.5,65.0
2026-01-24 20:11:17,27.5,65.3
2026-01-24 20:16:17,27.5,65.1
2026-01-24 20:21:17,27.5,65.3
2026-01-24 20:26:17,27.5,65.2
2026-01-24 20:31:17,27.5,64.7
2026-01-24 20:36:17,27.5,65.4
2026-01-24 20:41:17,27.5,64.7
2026-01-24 20:46:17,27.5,64.3
2026-01-24 20:51:17,27.5,65.1
2026-01-24 20:56:17,27.5,65.0
2026-01-24 21:01:17,27.5,64.9
2026-01-24 21:06:17,27.5,64.9
2026-01-24 21:11:17,27.5,65.1
2026-01-24 21:16:17,27.5,65.0
2026-01-24 21:21:17,27.5,64.1
2026-01-24 21:26:17,27.5,65.6
2026-01-24 21:31:17,27.5,65.1
2026-01-24 21:36:17,27.5,65.5
2026-01-24 21:41:17,27.5,65.1
2026-01-24 21:46:17,27.5,65.6
2026-01-24 21:51:17,27.5,65.4
2026-01-24 21:56:17,27.5,65.6
2026-01-24 22:01:17,27.5,65.8
2026-01-24 22:06:17,27.5,65.7
2026-01-24 22:11:17,27.5,65.8
2026-01-24 22:16:17,27.5,65.9
2026-01-24 22:21:17,27.5,66.0
2026-01-24 22:26:17,27.5,66.2
2026-01-24 22:31:17,27.5,66.1
2026-01-24 22:36:17,27.5,65.4
2026-01-24 22:41:17,27.5,64.8
2026-01-24 22:46:17,27.5,64.9
2026-01-24 22:51:17,27.5,65.0
2026-01-24 22:56:17,27.5,65.2
2026-01-24 23:01:17,27.5,65.2
2026-01-24 23:06:17,27.5,65.6
2026-01-24 23:11:17,27.5,65.3
2026-01-24 23:16:17,27.5,65.2
2026-01-24 23:21:17,27.4,64.4
2026-01-24 23:26:17,27.5,64.6
2026-01-24 23:31:17,27.5,64.6
2026-01-24 23:36:17,27.5,65.2
2026-01-24 23:41:17,27.5,64.8
2026-01-24 23:46:17,27.5,65.2
2026-01-24 23:51:17,27.5,64.4
2026-01-24 23:56:17,27.4,64.7
2026-01-25 00:01:17,27.4,64.7
2026-01-25 00:06:17,27.5,64.7
2026-01-25 00:11:17,27.4,64.8
2026-01-25 00:16:17,27.5,64.9
2026-01-25 00:21:17,27.5,64.7
2026-01-25 00:26:17,27.5,65.1
2026-01-25 00:31:17,27.5,64.9
2026-01-25 00:36:17,27.5,65.3
2026-01-25 00:41:17,27.5,64.2
2026-01-25 00:46:17,27.5,64.8
2026-01-25 00:51:17,27.5,65.0
2026-01-25 00:56:17,27.5,64.8
2026-01-25 01:01:17,27.5,64.9
2026-01-25 01:06:17,27.5,65.2
2026-01-25 01:11:17,27.5,65.4
2026-01-25 01:16:17,27.5,65.3
2026-01-25 01:21:17,27.5,65.3
2026-01-25 01:26:17,27.4,65.1
2026-01-25 01:31:17,27.5,65.4
2026-01-25 01:36:17,27.5,65.3
2026-01-25 01:41:17,27.5,65.5
2026-01-25 01:46:17,27.5,65.8
2026-01-25 01:51:17,27.5,65.7
2026-01-25 01:56:17,27.5,65.7
2026-01-25 02:01:17,27.5,65.5
2026-01-25 02:06:17,27.5,65.8
2026-01-25 02:11:17,27.5,65.5
2026-01-25 02:16:17,27.5,65.9
2026-01-25 02:21:17,27.5,65.6
2026-01-25 02:26:17,27.5,65.7
2026-01-25 02:31:17,27.5,65.7
2026-01-25 02:36:17,27.5,66.1
2026-01-25 02:41:17,27.5,65.9
2026-01-25 02:46:17,27.5,65.8
2026-01-25 02:51:17,27.5,65.8
2026-01-25 02:56:17,27.5,66.1
2026-01-25 03:01:17,27.5,66.0
2026-01-25 03:06:17,27.5,65.7
2026-01-25 03:11:17,27.5,66.2
2026-01-25 03:16:17,27.5,65.9
2026-01-25 03:21:17,27.5,66.0
2026-01-25 03:26:17,27.4,66.0
2026-01-25 03:31:17,27.4,66.1
2026-01-25 03:36:17,27.4,66.0
2026-01-25 03:41:17,27.4,66.0
2026-01-25 03:46:17,27.4,65.9
2026-01-25 03:51:17,27.4,65.9
2026-01-25 03:56:17,27.4,66.1
2026-01-25 04:01:17,27.4,65.9
2026-01-25 04:06:17,27.4,66.2
2026-01-25 04:11:17,27.4,66.3
2026-01-25 04:16:17,27.4,66.1
2026-01-25 04:21:17,27.4,66.0
2026-01-25 04:26:17,27.4,66.2
2026-01-25 04:31:17,27.4,66.0
2026-01-25 04:36:17,27.4,66.1
2026-01-25 04:41:17,27.4,66.3
2026-01-25 04:46:17,27.4,66.0
2026-01-25 04:51:17,27.4,66.1
2026-01-25 04:56:17,27.4,66.1
2026-01-25 05:01:17,27.4,66.2
2026-01-25 05:06:17,27.4,66.2
2026-01-25 05:11:17,27.4,66.4
2026-01-25 05:16:17,27.4,66.1
2026-01-25 05:21:17,27.3,66.1
2026-01-25 05:26:17,27.3,66.3
2026-01-25 05:31:17,27.3,66.4
2026-01-25 05:36:17,27.3,66.5
2026-01-25 05:41:17,27.3,66.3
2026-01-25 05:46:17,27.4,67.1
2026-01-25 05:51:17,27.4,67.1
2026-01-25 05:56:17,27.4,67.8
2026-01-25 06:01:17,27.4,67.7
2026-01-25 06:06:17,27.4,67.8
2026-01-25 06:11:17,27.3,67.7
2026-01-25 06:16:17,27.3,68.0
2026-01-25 06:21:17,27.3,67.7
2026-01-25 06:26:17,27.3,67.8
2026-01-25 06:31:17,27.3,67.9
2026-01-25 06:36:17,27.3,67.9
2026-01-25 06:41:17,27.3,67.8
2026-01-25 06:46:17,27.3,67.8
2026-01-25 06:51:17,27.3,67.7
2026-01-25 06:56:17,27.4,67.5
2026-01-25 07:01:17,27.3,68.0
2026-01-25 07:06:17,27.3,67.9
2026-01-25 07:11:17,27.3,67.9
2026-01-25 07:16:17,27.3,68.0
2026-01-25 07:21:17,27.4,67.9
2026-01-25 07:26:17,27.4,67.8
2026-01-25 07:31:17,27.3,68.0
2026-01-25 07:36:17,27.3,68.0
2026-01-25 07:41:17,27.3,67.9
2026-01-25 07:46:17,27.3,67.8
2026-01-25 07:51:17,27.3,66.6
2026-01-25 07:56:17,27.3,67.7
2026-01-25 08:01:17,27.3,67.9
2026-01-25 08:06:17,27.3,67.1
2026-01-25 08:11:17,27.3,67.6
2026-01-25 08:16:17,27.3,67.4
2026-01-25 08:21:17,27.4,67.4
2026-01-25 08:26:17,27.3,67.1
2026-01-25 08:31:17,27.3,67.2
2026-01-25 08:36:17,27.4,67.7
2026-01-25 08:41:17,27.4,67.7
2026-01-25 08:46:17,27.4,68.0
2026-01-25 08:51:17,27.4,67.7
2026-01-25 08:56:17,27.4,68.1
2026-01-25 09:01:17,27.4,67.3
2026-01-25 09:06:17,27.3,67.6
2026-01-25 09:11:17,27.4,67.5
2026-01-25 09:16:17,27.4,67.7
2026-01-25 09:21:17,27.4,68.1
2026-01-25 09:26:17,27.4,68.5
2026-01-25 09:31:17,27.4,68.6
2026-01-25 09:36:17,27.4,68.5
2026-01-25 09:41:17,27.4,68.4
2026-01-25 09:46:17,27.4,68.4
2026-01-25 09:51:17,27.4,71.4
2026-01-25 09:56:17,27.4,71.0
2026-01-25 10:01:17,27.4,70.7
2026-01-25 10:06:17,27.4,70.6
2026-01-25 10:11:17,27.4,70.5
2026-01-25 10:16:17,27.4,70.4
2026-01-25 10:21:17,27.4,70.7
2026-01-25 10:26:17,27.5,70.5
2026-01-25 10:31:17,27.5,70.9
2026-01-25 10:36:17,27.5,70.9
2026-01-25 10:41:17,27.5,71.8
2026-01-25 10:46:17,27.5,72.4
2026-01-25 10:51:17,27.5,71.6
2026-01-25 10:56:17,27.5,72.8
2026-01-25 11:01:17,27.5,72.9
2026-01-25 11:06:17,27.5,73.1
2026-01-25 11:11:17,27.5,73.8
2026-01-25 11:16:17,27.5,73.5
2026-01-25 11:21:17,27.6,73.5
2026-01-25 11:26:17,27.5,73.3
2026-01-25 11:31:17,27.5,73.1
2026-01-25 11:36:17,27.6,72.7
2026-01-25 11:41:17,27.5,72.5
2026-01-25 11:46:17,27.5,72.4
2026-01-25 11:51:17,27.5,71.6
2026-01-25 11:56:17,27.5,71.5
2026-01-25 12:01:17,27.5,71.6
2026-01-25 12:06:17,27.5,71.1
2026-01-25 12:11:17,27.5,70.5
2026-01-25 12:16:17,27.5,70.4
2026-01-25 12:21:17,27.5,70.8
2026-01-25 12:26:17,27.5,71.0
2026-01-25 12:31:17,27.5,70.2
2026-01-25 12:36:17,27.5,71.0
2026-01-25 12:41:17,27.5,70.9
2026-01-25 12:46:17,27.5,71.0
2026-01-25 12:51:17,27.5,71.0
2026-01-25 12:56:17,27.5,70.9
2026-01-25 13:01:17,27.5,70.5
2026-01-25 13:06:17,27.5,70.8
2026-01-25 13:11:17,27.5,70.9
2026-01-25 13:16:17,27.5,70.6
2026-01-25 13:21:17,27.5,70.4
2026-01-25 13:26:17,27.5,70.6
2026-01-25 13:31:17,27.5,70.6
2026-01-25 13:36:17,27.5,70.6
2026-01-25 13:41:17,27.5,70.5
2026-01-25 13:46:17,27.5,69.9
2026-01-25 13:51:17,27.5,70.2
2026-01-25 13:56:17,27.5,70.0
2026-01-25 14:01:17,27.5,70.3
2026-01-25 14:06:17,27.5,70.3
2026-01-25 14:11:17,27.5,70.1
2026-01-25 14:16:17,27.5,70.2
2026-01-25 14:21:17,27.5,70.3
2026-01-25 14:26:17,27.5,70.3
2026-01-25 14:31:17,27.5,70.3
2026-01-25 14:36:17,27.5,70.6
2026-01-25 14:41:17,27.5,70.6
2026-01-25 14:46:17,27.5,70.7
2026-01-25 14:51:17,27.5,70.9
2026-01-25 14:56:17,27.5,71.0
2026-01-25 15:01:17,27.5,71.1
2026-01-25 15:06:17,27.5,71.2
2026-01-25 15:11:17,27.5,71.2
2026-01-25 15:16:17,27.5,71.1
2026-01-25 15:21:17,27.5,70.6
2026-01-25 15:26:17,27.5,71.1
2026-01-25 15:31:17,27.5,70.5
2026-01-25 15:36:17,27.5,71.1
2026-01-25 15:41:17,27.5,70.7
2026-01-25 15:46:17,27.5,71.2
2026-01-25 15:51:17,27.5,71.2
2026-01-25 15:56:17,27.5,71.2
2026-01-25 16:01:17,27.5,71.2
2026-01-25 16:06:17,27.6,71.6
2026-01-25 16:11:17,27.6,71.5
2026-01-25 16:16:17,27.6,71.3
2026-01-25 16:21:17,27.6,71.2
2026-01-25 16:26:17,27.6,71.2
2026-01-25 16:31:17,27.6,70.7
2026-01-25 16:36:17,27.6,70.8
2026-01-25 16:41:17,27.6,71.1
2026-01-25 16:46:17,27.6,71.0
2026-01-25 16:51:17,27.6,70.5
2026-01-25 16:56:17,27.6,70.7
2026-01-25 17:01:17,27.6,70.8
2026-01-25 17:06:17,27.6,70.4
2026-01-25 17:11:17,27.6,70.7
2026-01-25 17:16:17,27.6,70.4
2026-01-25 17:21:17,27.7,69.9
2026-01-25 17:26:17,27.6,70.0
2026-01-25 17:31:17,27.6,69.5
2026-01-25 17:36:17,27.6,70.0
2026-01-25 17:41:17,27.6,69.7
2026-01-25 17:46:17,27.6,69.3
2026-01-25 17:51:17,27.6,69.3
2026-01-25 17:56:17,27.6,68.7
2026-01-25 18:01:17,27.6,69.0
2026-01-25 18:06:17,27.6,69.1
2026-01-25 18:11:17,27.6,68.9
2026-01-25 18:16:17,27.6,68.7
2026-01-25 18:21:17,27.6,68.9
2026-01-25 18:26:17,27.5,68.6
2026-01-25 18:31:17,27.6,68.5
2026-01-25 18:36:17,27.5,68.4
2026-01-25 18:41:17,27.5,68.5
2026-01-25 18:46:17,27.5,68.3
2026-01-25 18:51:17,27.5,68.4
2026-01-25 18:56:17,27.5,68.4
2026-01-25 19:01:17,27.5,68.1
2026-01-25 19:06:17,27.5,67.9
2026-01-25 19:11:17,27.5,67.9
2026-01-25 19:16:17,27.5,67.8
2026-01-25 19:21:17,27.6,67.9
2026-01-25 19:26:17,27.5,67.8
2026-01-25 19:31:17,27.5,67.7
2026-01-25 19:36:17,27.5,67.4
2026-01-25 19:41:17,27.5,67.1
2026-01-25 19:46:17,27.5,67.3
2026-01-25 19:51:17,27.5,66.2
2026-01-25 19:56:17,27.5,66.8
2026-01-25 20:01:17,27.5,66.5
2026-01-25 20:06:17,27.5,66.2
2026-01-25 20:11:17,27.5,66.5
2026-01-25 20:16:17,27.5,66.4
2026-01-25 20:21:17,27.5,66.3
2026-01-25 20:26:17,27.5,65.7
2026-01-25 20:31:17,27.5,65.7
2026-01-25 20:36:17,27.5,66.2
2026-01-25 20:41:17,27.5,65.8
2026-01-25 20:46:17,27.5,66.1
2026-01-25 20:51:17,27.5,66.6
2026-01-25 20:56:17,27.4,66.9
2026-01-25 21:01:17,27.5,65.9
2026-01-25 21:06:17,27.4,66.2
2026-01-25 21:11:17,27.4,66.6
2026-01-25 21:16:17,27.4,66.3
2026-01-25 21:21:17,27.4,66.5
2026-01-25 21:26:17,27.4,66.6
2026-01-25 21:31:17,27.4,66.3
2026-01-25 21:36:17,27.4,66.1
2026-01-25 21:41:17,27.4,65.9
2026-01-25 21:46:17,27.4,66.2
2026-01-25 21:51:17,27.4,66.1
2026-01-25 21:56:17,27.4,65.3
2026-01-25 22:01:17,27.4,65.8
2026-01-25 22:06:17,27.4,65.8
2026-01-25 22:11:17,27.4,65.3
2026-01-25 22:16:17,27.4,65.5
2026-01-25 22:21:17,27.5,65.0
2026-01-25 22:26:17,27.4,65.2
2026-01-25 22:31:17,27.5,65.1
2026-01-25 22:36:17,27.4,65.6
2026-01-25 22:41:17,27.4,65.4
2026-01-25 22:46:17,27.4,65.2
2026-01-25 22:51:17,27.4,65.8
2026-01-25 22:56:17,27.4,65.2
2026-01-25 23:01:17,27.4,65.5
2026-01-25 23:06:17,27.4,66.0
2026-01-25 23:11:17,27.4,66.1
2026-01-25 23:16:17,27.4,65.9
2026-01-25 23:21:17,27.3,66.1
2026-01-25 23:26:17,27.3,65.9
2026-01-25 23:31:17,27.3,65.6
2026-01-25 23:36:17,27.3,65.7
2026-01-25 23:41:17,27.3,66.0
2026-01-25 23:46:17,27.3,65.8
2026-01-25 23:51:17,27.3,66.2
2026-01-25 23:56:17,27.3,66.2
2026-01-26 00:01:17,27.3,66.1
2026-01-26 00:06:17,27.3,66.4
2026-01-26 00:11:17,27.3,66.0
2026-01-26 00:16:17,27.3,66.2
2026-01-26 00:21:17,27.3,66.1
2026-01-26 00:26:17,27.3,66.0
2026-01-26 00:31:17,27.3,66.0
2026-01-26 00:36:17,27.3,66.2
2026-01-26 00:41:17,27.3,66.5
2026-01-26 00:46:17,27.3,66.4
2026-01-26 00:51:17,27.3,66.3
2026-01-26 00:56:17,27.3,66.2
2026-01-26 01:01:17,27.3,66.4
2026-01-26 01:06:17,27.2,66.4
2026-01-26 01:11:17,27.2,66.6
2026-01-26 01:16:17,27.2,66.5
2026-01-26 01:21:17,27.2,66.5
2026-01-26 01:26:17,27.3,66.5
2026-01-26 01:31:17,27.3,66.9
2026-01-26 01:36:17,27.3,66.8
2026-01-26 01:41:17,27.3,66.9
2026-01-26 01:46:17,27.2,66.9
2026-01-26 01:51:17,27.3,66.8
2026-01-26 01:56:17,27.2,66.9
2026-01-26 02:01:17,27.2,67.2
2026-01-26 02:06:17,27.2,67.1
2026-01-26 02:11:17,27.2,67.2
2026-01-26 02:16:17,27.2,67.4
2026-01-26 02:21:17,27.3,67.3
2026-01-26 02:26:17,27.2,67.4
2026-01-26 02:31:17,27.2,67.4
2026-01-26 02:36:17,27.3,67.6
2026-01-26 02:41:17,27.3,67.7
2026-01-26 02:46:17,27.2,67.6
2026-01-26 02:51:17,27.2,67.8
2026-01-26 02:56:17,27.3,67.9
2026-01-26 03:01:17,27.3,67.9
2026-01-26 03:06:17,27.3,68.1
2026-01-26 03:11:17,27.3,68.0
2026-01-26 03:16:17,27.3,68.2
2026-01-26 03:21:17,27.3,68.4
2026-01-26 03:26:17,27.3,68.5
2026-01-26 03:31:17,27.3,68.5
2026-01-26 03:36:17,27.3,68.5
2026-01-26 03:41:17,27.3,68.7
2026-01-26 03:46:17,27.3,68.9
2026-01-26 03:51:17,27.3,68.8
2026-01-26 03:56:17,27.3,69.2
2026-01-26 04:01:17,27.3,70.1
2026-01-26 04:06:17,27.3,70.8
2026-01-26 04:11:17,27.3,70.8
2026-01-26 04:16:17,27.3,70.5
2026-01-26 04:21:17,27.3,70.3
2026-01-26 04:26:17,27.3,70.6
2026-01-26 04:31:17,27.3,70.4
2026-01-26 04:36:17,27.3,70.5
2026-01-26 04:41:17,27.3,70.2
2026-01-26 04:46:17,27.3,70.0
2026-01-26 04:51:17,27.3,69.9
2026-01-26 04:56:17,27.3,69.9
2026-01-26 05:01:17,27.3,69.7
2026-01-26 05:06:17,27.3,69.9
2026-01-26 05:11:17,27.3,69.7
2026-01-26 05:16:17,27.3,69.4
2026-01-26 05:21:17,27.3,69.6
2026-01-26 05:26:17,27.3,69.5
2026-01-26 05:31:17,27.3,69.4
2026-01-26 05:36:17,27.3,69.2
2026-01-26 05:41:17,27.3,69.2
2026-01-26 05:46:17,27.2,69.4
2026-01-26 05:51:17,27.2,69.5
2026-01-26 05:56:17,27.3,69.4
2026-01-26 06:01:17,27.3,69.4
2026-01-26 06:06:17,27.3,69.6
2026-01-26 06:11:17,27.3,69.5
2026-01-26 06:16:17,27.3,69.8
2026-01-26 06:21:17,27.3,69.3
2026-01-26 06:26:17,27.3,69.7
2026-01-26 06:31:17,27.3,69.3
2026-01-26 06:36:17,27.2,69.3
2026-01-26 06:41:17,27.2,69.4
2026-01-26 06:46:17,27.3,69.8
2026-01-26 06:51:17,27.2,68.0
2026-01-26 06:56:17,27.2,69.0
2026-01-26 07:01:17,27.2,69.2
2026-01-26 07:06:17,27.2,69.3
2026-01-26 07:11:17,27.2,69.0
2026-01-26 07:16:17,27.2,68.9
2026-01-26 07:21:17,27.2,69.1
2026-01-26 07:26:17,27.2,69.6
2026-01-26 07:31:17,27.2,69.5
2026-01-26 07:36:17,27.2,69.6
2026-01-26 07:41:17,27.2,70.4
2026-01-26 07:46:17,27.2,69.5
2026-01-26 07:51:17,27.2,69.5
2026-01-26 07:56:17,27.2,69.9
2026-01-26 08:01:17,27.2,69.9
2026-01-26 08:06:17,27.2,69.5
2026-01-26 08:11:17,27.2,69.5
2026-01-26 08:16:17,27.2,69.8
2026-01-26 08:21:17,27.2,70.1
2026-01-26 08:26:17,27.2,70.3
2026-01-26 08:31:17,27.2,70.1
2026-01-26 08:36:17,27.2,70.0
2026-01-26 08:41:17,27.3,70.4
2026-01-26 08:46:17,27.3,71.1
2026-01-26 08:51:17,27.3,71.0
2026-01-26 08:56:17,27.3,71.9
2026-01-26 09:01:17,27.3,72.1
2026-01-26 09:06:17,27.3,71.8
2026-01-26 09:11:17,27.3,71.8
2026-01-26 09:16:17,27.3,72.2
2026-01-26 09:21:17,27.3,71.8
2026-01-26 09:26:17,27.3,71.9
2026-01-26 09:31:17,27.3,71.7
2026-01-26 09:36:17,27.3,71.6
2026-01-26 09:41:17,27.3,71.1
2026-01-26 09:46:17,27.3,71.7
2026-01-26 09:51:17,27.3,71.7
2026-01-26 09:56:17,27.3,71.4
2026-01-26 10:01:17,27.3,71.5
2026-01-26 10:06:17,27.3,71.3
2026-01-26 10:11:17,27.3,71.2
2026-01-26 10:16:17,27.3,71.6
2026-01-26 10:21:17,27.3,71.4
2026-01-26 10:26:17,27.3,71.6
2026-01-26 10:31:17,27.3,71.4
2026-01-26 10:36:17,27.3,71.3
2026-01-26 10:41:17,27.3,71.3
2026-01-26 10:46:17,27.3,71.5
2026-01-26 10:51:17,27.3,71.4
2026-01-26 10:56:17,27.3,71.4
2026-01-26 11:01:17,27.3,71.5
2026-01-26 11:06:17,27.3,71.5
2026-01-26 11:11:17,27.3,71.4
2026-01-26 11:16:17,27.3,71.3
2026-01-26 11:21:17,27.3,71.3
2026-01-26 11:26:17,27.3,71.5
2026-01-26 11:31:17,27.3,71.6
2026-01-26 11:36:17,27.3,71.5
2026-01-26 11:41:17,27.3,71.6
2026-01-26 11:46:17,27.3,71.6
2026-01-26 11:51:17,27.3,71.6
2026-01-26 11:56:17,27.3,71.6
2026-01-26 12:01:17,27.3,71.6
2026-01-26 12:06:17,27.3,71.8
2026-01-26 12:11:17,27.3,71.8
2026-01-26 12:16:17,27.3,71.6
2026-01-26 12:21:17,27.3,71.5
2026-01-26 12:26:17,27.3,71.7
2026-01-26 12:31:17,27.3,71.7
2026-01-26 12:36:17,27.3,71.6
2026-01-26 12:41:17,27.3,71.6
2026-01-26 12:46:17,27.3,71.8
2026-01-26 12:51:17,27.3,71.8
2026-01-26 12:56:17,27.3,71.7
2026-01-26 13:01:17,27.4,71.6
2026-01-26 13:06:17,27.3,71.6
2026-01-26 13:11:17,27.4,71.8
2026-01-26 13:16:17,27.4,71.6
2026-01-26 13:21:17,27.3,71.6
2026-01-26 13:26:17,27.4,71.8
2026-01-26 13:31:17,27.4,72.0
2026-01-26 13:36:17,27.4,72.0
2026-01-26 13:41:17,27.4,72.2
2026-01-26 13:46:17,27.4,72.2
2026-01-26 13:51:17,27.4,72.3
2026-01-26 13:56:17,27.4,72.4
2026-01-26 14:01:17,27.4,72.4
2026-01-26 14:06:17,27.4,72.4
2026-01-26 14:11:17,27.4,72.2
2026-01-26 14:16:17,27.4,72.4
2026-01-26 14:21:17,27.4,72.5
2026-01-26 14:26:17,27.4,72.5
2026-01-26 14:31:17,27.4,72.5
2026-01-26 14:36:17,27.4,72.6
2026-01-26 14:41:17,27.4,72.6
2026-01-26 14:46:17,27.5,72.7
2026-01-26 14:51:17,27.5,72.8
2026-01-26 14:56:17,27.4,73.0
2026-01-26 15:01:17,27.5,73.1
2026-01-26 15:06:17,27.5,73.1
2026-01-26 15:11:17,27.5,73.3
2026-01-26 15:16:17,27.5,73.4
2026-01-26 15:21:17,27.5,73.4
2026-01-26 15:26:17,27.5,73.6
2026-01-26 15:31:17,27.5,73.5
2026-01-26 15:36:17,27.4,73.6
2026-01-26 15:41:17,27.5,73.6
2026-01-26 15:46:17,27.5,73.8
2026-01-26 15:51:17,27.5,73.8
2026-01-26 15:56:17,27.4,73.9
2026-01-26 16:01:17,27.4,73.9
2026-01-26 16:06:17,27.5,74.0
2026-01-26 16:11:17,27.4,74.0
2026-01-26 16:16:17,27.4,74.1
2026-01-26 16:21:17,27.4,74.2
2026-01-26 16:26:17,27.5,74.2
2026-01-26 16:31:17,27.5,74.3
2026-01-26 16:36:17,27.5,74.6
2026-01-26 16:41:17,27.5,74.7
2026-01-26 16:46:17,27.5,74.7
2026-01-26 16:51:17,27.5,75.1
2026-01-26 16:56:17,27.5,75.0
2026-01-26 17:01:17,27.5,75.0
2026-01-26 17:06:17,27.5,75.0
2026-01-26 17:11:17,27.5,75.1
2026-01-26 17:16:17,27.5,75.1
2026-01-26 17:21:17,27.5,75.2
2026-01-26 17:26:17,27.5,75.2
2026-01-26 17:31:17,27.5,75.2
2026-01-26 17:36:17,27.5,75.3
2026-01-26 17:41:17,27.5,75.4
2026-01-26 17:46:17,27.5,75.2
2026-01-26 17:51:17,27.5,75.3
2026-01-26 17:56:17,27.5,75.3
2026-01-26 18:01:17,27.5,75.3
2026-01-26 18:06:17,27.5,75.4
2026-01-26 18:11:17,27.5,75.4
2026-01-26 18:16:17,27.5,75.5
2026-01-26 18:21:17,27.5,75.6
2026-01-26 18:26:17,27.4,75.5
2026-01-26 18:31:17,27.5,75.6
2026-01-26 18:36:17,27.5,75.5
2026-01-26 18:41:17,27.5,75.6
2026-01-26 18:46:17,27.4,75.6
2026-01-26 18:51:17,27.5,75.9
2026-01-26 18:56:17,27.5,75.9
2026-01-26 19:01:17,27.5,75.9
2026-01-26 19:06:17,27.5,76.0
2026-01-26 19:11:17,27.5,76.1
2026-01-26 19:16:17,27.5,76.4
2026-01-26 19:21:17,27.5,76.6
2026-01-26 19:26:17,27.6,76.7
2026-01-26 19:31:17,27.6,77.3
2026-01-26 19:36:17,27.6,77.6
2026-01-26 19:41:17,27.6,77.8
2026-01-26 19:46:17,27.6,77.8
2026-01-26 19:51:17,27.6,77.8
2026-01-26 19:56:17,27.6,77.6
2026-01-26 20:01:17,27.6,77.5
2026-01-26 20:06:17,27.6,77.2
2026-01-26 20:11:17,27.6,77.2
2026-01-26 20:16:17,27.6,77.2
2026-01-26 20:21:17,27.6,77.1
2026-01-26 20:26:17,27.6,77.2
2026-01-26 20:31:17,27.6,77.2
2026-01-26 20:36:17,27.6,77.2
2026-01-26 20:41:17,27.6,77.4
2026-01-26 20:46:17,27.5,77.1
2026-01-26 20:51:17,27.5,77.2
2026-01-26 20:56:17,27.5,77.2
2026-01-26 21:01:17,27.5,76.9
2026-01-26 21:06:17,27.5,77.1
2026-01-26 21:11:17,27.5,77.1
2026-01-26 21:16:17,27.5,77.1
2026-01-26 21:21:17,27.6,77.0
2026-01-26 21:26:17,27.5,77.0
2026-01-26 21:31:17,27.5,77.0
2026-01-26 21:36:17,27.5,77.0
2026-01-26 21:41:17,27.5,77.0
2026-01-26 21:46:17,27.5,77.1
2026-01-26 21:51:17,27.5,77.0
2026-01-26 21:56:17,27.5,77.0
2026-01-26 22:01:17,27.5,77.0
2026-01-26 22:06:17,27.5,77.0
2026-01-26 22:11:17,27.5,77.1
2026-01-26 22:16:17,27.5,77.1
2026-01-26 22:21:17,27.5,77.1
2026-01-26 22:26:17,27.5,77.1
2026-01-26 22:31:17,27.5,77.1
2026-01-26 22:36:17,27.5,77.1
2026-01-26 22:41:17,27.4,77.0
2026-01-26 22:46:17,27.5,77.0
2026-01-26 22:51:17,27.5,76.9
2026-01-26 22:56:17,27.4,77.0
2026-01-26 23:01:17,27.4,77.0
2026-01-26 23:06:17,27.5,76.9
2026-01-26 23:11:17,27.5,76.9
2026-01-26 23:16:17,27.5,77.0
2026-01-26 23:21:17,27.5,76.8
2026-01-26 23:26:17,27.5,76.9
2026-01-26 23:31:17,27.5,76.8
2026-01-26 23:36:17,27.5,76.9
2026-01-26 23:41:17,27.5,76.9
2026-01-26 23:46:17,27.5,76.9
2026-01-26 23:51:17,27.5,76.9
2026-01-26 23:56:17,27.5,76.9
2026-01-27 00:01:17,27.4,76.8
2026-01-27 00:06:17,27.5,76.9
2026-01-27 00:11:17,27.5,76.9
2026-01-27 00:16:17,27.5,76.8
2026-01-27 00:21:17,27.5,76.8
2026-01-27 00:26:17,27.5,76.9
2026-01-27 00:31:17,27.5,76.9
2026-01-27 00:36:17,27.4,76.8
2026-01-27 00:41:17,27.5,76.8
2026-01-27 00:46:17,27.5,76.6
2026-01-27 00:51:17,27.5,76.6
2026-01-27 00:56:17,27.5,76.6
2026-01-27 01:01:17,27.5,76.6
2026-01-27 01:06:17,27.5,76.7
2026-01-27 01:11:17,27.5,76.7
2026-01-27 01:16:17,27.4,76.6
2026-01-27 01:21:17,27.4,76.5
2026-01-27 01:26:17,27.5,76.5
2026-01-27 01:31:17,27.4,76.4
2026-01-27 01:36:17,27.4,76.3
2026-01-27 01:41:17,27.4,76.3
2026-01-27 01:46:17,27.4,76.2
2026-01-27 01:51:17,27.5,76.3
2026-01-27 01:56:17,27.5,76.5
2026-01-27 02:01:17,27.4,76.8
2026-01-27 02:06:17,27.4,76.9
2026-01-27 02:11:17,27.4,76.9
2026-01-27 02:16:17,27.4,76.8
2026-01-27 02:21:17,27.4,76.8
2026-01-27 02:26:17,27.5,76.7
2026-01-27 02:31:17,27.5,76.7
2026-01-27 02:36:17,27.4,76.7
2026-01-27 02:41:17,27.4,76.8
2026-01-27 02:46:17,27.4,76.9
2026-01-27 02:51:17,27.4,76.8
2026-01-27 02:56:17,27.5,76.8
2026-01-27 03:01:17,27.5,76.7
2026-01-27 03:06:17,27.4,76.7
2026-01-27 03:11:17,27.5,76.7
2026-01-27 03:16:17,27.4,76.7
2026-01-27 03:21:17,27.4,76.6
2026-01-27 03:26:17,27.4,76.7
2026-01-27 03:31:17,27.4,76.6
2026-01-27 03:36:17,27.4,76.6
2026-01-27 03:41:17,27.4,76.7
2026-01-27 03:46:17,27.4,76.7
2026-01-27 03:51:17,27.4,76.6
2026-01-27 03:56:17,27.4,76.7
2026-01-27 04:01:17,27.4,76.6
2026-01-27 04:06:17,27.4,76.5
2026-01-27 04:11:17,27.4,76.6
2026-01-27 04:16:17,27.4,76.6
2026-01-27 04:21:17,27.4,76.6
2026-01-27 04:26:17,27.4,76.5
2026-01-27 04:31:17,27.4,76.6
2026-01-27 04:36:17,27.4,76.6
2026-01-27 04:41:17,27.4,76.6
2026-01-27 04:46:17,27.4,76.6
2026-01-27 04:51:17,27.4,76.7
2026-01-27 04:56:17,27.4,76.7
2026-01-27 05:01:17,27.4,76.7
2026-01-27 05:06:17,27.4,76.8
2026-01-27 05:11:17,27.5,76.7
2026-01-27 05:16:17,27.4,76.8
2026-01-27 05:21:17,27.4,76.8
2026-01-27 05:26:17,27.4,76.8
2026-01-27 05:31:17,27.4,76.8
2026-01-27 05:36:17,27.4,76.7
2026-01-27 05:41:17,27.4,76.8
2026-01-27 05:46:17,27.4,76.9
2026-01-27 05:51:17,27.4,77.0
2026-01-27 05:56:17,27.4,77.0
2026-01-27 06:01:17,27.4,77.2
2026-01-27 06:06:17,27.4,77.5
2026-01-27 06:11:17,27.4,77.5
2026-01-27 06:16:17,27.4,78.0
2026-01-27 06:21:17,27.4,77.8
2026-01-27 06:26:17,27.4,78.0
2026-01-27 06:31:17,27.4,77.9
2026-01-27 06:36:17,27.4,78.1
2026-01-27 06:41:17,27.4,78.5
2026-01-27 06:46:17,27.4,78.3
2026-01-27 06:51:17,27.4,78.4
2026-01-27 06:56:17,27.4,78.4
2026-01-27 07:01:17,27.4,78.4
2026-01-27 07:06:17,27.4,78.4
2026-01-27 07:11:17,27.4,78.5
2026-01-27 07:16:17,27.4,78.5
2026-01-27 07:21:17,27.5,78.5
2026-01-27 07:26:17,27.4,78.6
2026-01-27 07:31:17,27.4,78.7
2026-01-27 07:36:17,27.4,78.6
2026-01-27 07:41:17,27.5,78.5
2026-01-27 07:46:17,27.5,78.5
2026-01-27 07:51:17,27.5,78.5
2026-01-27 07:56:17,27.5,78.5
2026-01-27 08:01:17,27.5,78.6
2026-01-27 08:06:17,27.5,78.4
2026-01-27 08:11:17,27.5,78.4
2026-01-27 08:16:17,27.5,78.3
2026-01-27 08:21:17,27.5,78.4
2026-01-27 08:26:17,27.5,78.3
2026-01-27 08:31:17,27.5,78.4
2026-01-27 08:36:17,27.5,78.3
2026-01-27 08:41:17,27.5,78.6
2026-01-27 08:46:17,27.5,78.5
2026-01-27 08:51:17,27.5,78.4
2026-01-27 08:56:17,27.5,78.1
2026-01-27 09:01:17,27.5,78.4
2026-01-27 09:06:17,27.5,78.3
2026-01-27 09:11:17,27.5,78.8
2026-01-27 09:16:17,27.5,78.7
2026-01-27 09:21:17,27.5,79.6
2026-01-27 09:26:17,27.5,79.7
2026-01-27 09:31:17,27.5,79.6
2026-01-27 09:36:17,27.5,79.5
2026-01-27 09:41:17,27.5,79.5
2026-01-27 09:46:17,27.5,79.4
2026-01-27 09:51:17,27.5,79.3
2026-01-27 09:56:17,27.5,79.3
2026-01-27 10:01:17,27.5,79.2
2026-01-27 10:06:17,27.5,79.2
2026-01-27 10:11:17,27.5,78.9
2026-01-27 10:16:17,27.5,79.0
2026-01-27 10:21:17,27.5,79.0
2026-01-27 10:26:17,27.5,79.3
2026-01-27 10:31:17,27.6,79.3
2026-01-27 10:36:17,27.6,79.5
2026-01-27 10:41:17,27.5,79.6
2026-01-27 10:46:17,27.6,79.9
2026-01-27 10:51:17,27.6,80.5
2026-01-27 10:56:17,27.6,80.9
2026-01-27 11:01:17,27.6,81.1
2026-01-27 11:06:17,27.6,81.1
2026-01-27 11:11:17,27.6,80.7
2026-01-27 11:16:17,27.6,80.7
2026-01-27 11:21:17,27.6,80.9
2026-01-27 11:26:17,27.6,80.8
2026-01-27 11:31:17,27.6,80.6
2026-01-27 11:36:17,27.6,80.5
2026-01-27 11:41:17,27.6,80.3
2026-01-27 11:46:17,27.6,80.3
2026-01-27 11:51:17,27.6,80.3
2026-01-27 11:56:17,27.6,80.1
2026-01-27 12:01:17,27.6,80.0
2026-01-27 12:06:17,27.7,79.9
2026-01-27 12:11:17,27.6,79.7
2026-01-27 12:16:17,27.6,79.6
2026-01-27 12:21:17,27.6,79.5
2026-01-27 12:26:17,27.6,79.9
2026-01-27 12:31:17,27.7,79.9
2026-01-27 12:36:17,27.7,79.9
2026-01-27 12:41:17,27.6,79.7
2026-01-27 12:46:17,27.7,79.7
2026-01-27 12:51:17,27.6,79.8
2026-01-27 12:56:17,27.7,80.4
2026-01-27 13:01:17,27.7,80.4
2026-01-27 13:06:17,27.6,80.6
2026-01-27 13:11:17,27.7,80.6
2026-01-27 13:16:17,27.6,81.1
2026-01-27 13:21:17,27.7,80.9
2026-01-27 13:26:17,27.7,81.3
2026-01-27 13:31:17,27.6,81.2
2026-01-27 13:36:17,27.7,81.2
2026-01-27 13:41:17,27.6,81.3
2026-01-27 13:46:17,27.6,81.3
2026-01-27 13:51:17,27.6,81.3
2026-01-27 13:56:17,27.6,81.3
2026-01-27 14:01:17,27.6,81.2
2026-01-27 14:06:17,27.6,81.2
2026-01-27 14:11:17,27.6,81.2
2026-01-27 14:16:17,27.6,81.4
2026-01-27 14:21:17,27.6,81.5
2026-01-27 14:26:17,27.6,81.6
2026-01-27 14:31:17,27.6,81.8
2026-01-27 14:36:17,27.6,81.8
2026-01-27 14:41:17,27.6,81.8
2026-01-27 14:46:17,27.6,82.1
2026-01-27 14:51:17,27.6,82.0
2026-01-27 14:56:17,27.7,82.7
2026-01-27 15:01:17,27.7,82.6
2026-01-27 15:06:17,27.7,82.5
2026-01-27 15:11:17,27.7,82.5
2026-01-27 15:16:17,27.7,82.5
2026-01-27 15:21:17,27.7,82.4
2026-01-27 15:26:17,27.7,82.2
2026-01-27 15:31:17,27.7,82.2
2026-01-27 15:36:17,27.7,82.1
2026-01-27 15:41:17,27.7,82.1
2026-01-27 15:46:17,27.7,82.3
2026-01-27 15:51:17,27.7,82.3
2026-01-27 15:56:17,27.7,82.3
2026-01-27 16:01:17,27.7,82.2
2026-01-27 16:06:17,27.7,82.3
2026-01-27 16:11:17,27.7,82.5
2026-01-27 16:16:17,27.6,82.4
2026-01-27 16:21:17,27.7,82.5
2026-01-27 16:26:17,27.6,82.9
2026-01-27 16:31:17,27.6,83.0
2026-01-27 16:36:17,27.6,83.3
2026-01-27 16:41:17,27.6,83.3
2026-01-27 16:46:17,27.6,83.4
2026-01-27 16:51:17,27.6,83.3
2026-01-27 16:56:17,27.6,83.3
2026-01-27 17:01:17,27.6,83.3
2026-01-27 17:06:17,27.6,83.1
2026-01-27 17:11:17,27.6,82.9
2026-01-27 17:16:17,27.6,82.7
2026-01-27 17:21:17,27.6,82.7
2026-01-27 17:26:17,27.6,82.7
2026-01-27 17:31:17,27.6,82.5
2026-01-27 17:36:17,27.6,82.3
2026-01-27 17:41:17,27.6,82.2
2026-01-27 17:46:17,27.6,82.3
2026-01-27 17:51:17,27.6,82.2
2026-01-27 17:56:17,27.6,82.3
2026-01-27 18:01:17,27.6,82.2
2026-01-27 18:06:17,27.6,82.1
2026-01-27 18:11:17,27.6,82.2
2026-01-27 18:16:17,27.7,82.5
2026-01-27 18:21:17,27.7,82.5
2026-01-27 18:26:17,27.7,82.8
2026-01-27 18:31:17,27.6,82.4
2026-01-27 18:36:17,27.7,82.6
2026-01-27 18:41:17,27.7,82.7
2026-01-27 18:46:17,27.7,82.4
2026-01-27 18:51:17,27.7,82.3
2026-01-27 18:56:17,27.7,82.4
2026-01-27 19:01:17,27.8,82.5
2026-01-27 19:06:17,27.8,82.6
2026-01-27 19:11:17,27.8,82.9
2026-01-27 19:16:17,27.8,82.9
2026-01-27 19:21:17,27.8,82.9
2026-01-27 19:26:17,27.7,82.4
2026-01-27 19:31:17,27.8,82.8
2026-01-27 19:36:17,27.7,82.2
2026-01-27 19:41:17,27.7,82.3
2026-01-27 19:46:17,27.7,82.1
2026-01-27 19:51:17,27.7,81.7
2026-01-27 19:56:17,27.7,81.5
2026-01-27 20:01:17,27.7,81.5
2026-01-27 20:06:17,27.7,81.0
2026-01-27 20:11:17,27.7,80.2
2026-01-27 20:16:17,27.7,80.6
2026-01-27 20:21:17,27.6,80.5
2026-01-27 20:26:17,27.7,80.5
2026-01-27 20:31:17,27.7,80.4
2026-01-27 20:36:17,27.6,80.5
2026-01-27 20:41:17,27.7,80.3
2026-01-27 20:46:17,27.6,80.4
2026-01-27 20:51:17,27.6,80.1
2026-01-27 20:56:17,27.6,80.1
2026-01-27 21:01:17,27.6,79.5
2026-01-27 21:06:17,27.7,79.9
2026-01-27 21:11:17,27.6,79.6
2026-01-27 21:16:17,27.6,79.5
2026-01-27 21:21:17,27.6,79.3
2026-01-27 21:26:17,27.6,79.2
2026-01-27 21:31:17,27.6,79.2
2026-01-27 21:36:17,27.6,79.5
2026-01-27 21:41:17,27.6,79.3
2026-01-27 21:46:17,27.6,79.2
2026-01-27 21:51:17,27.7,79.3
2026-01-27 21:56:17,27.6,79.2
2026-01-27 22:01:17,27.7,79.3
2026-01-27 22:06:17,27.6,79.0
2026-01-27 22:11:17,27.7,79.1
2026-01-27 22:16:17,27.7,79.4
2026-01-27 22:21:17,27.7,79.2
2026-01-27 22:26:17,27.7,78.7
2026-01-27 22:31:17,27.6,78.9
2026-01-27 22:36:17,27.6,78.4
2026-01-27 22:41:17,27.6,78.8
2026-01-27 22:46:17,27.6,78.1
2026-01-27 22:51:17,27.6,77.7
2026-01-27 22:56:17,27.6,78.4
2026-01-27 23:01:17,27.6,78.2
2026-01-27 23:06:17,27.6,78.3
2026-01-27 23:11:17,27.5,77.2
2026-01-27 23:16:17,27.6,78.1
2026-01-27 23:21:17,27.5,77.7
2026-01-27 23:26:17,27.5,78.0
2026-01-27 23:31:17,27.5,77.9
2026-01-27 23:36:17,27.5,76.5
2026-01-27 23:41:17,27.5,77.4
2026-01-27 23:46:17,27.5,76.9
2026-01-27 23:51:17,27.5,77.3
2026-01-27 23:56:17,27.5,76.7
2026-01-28 00:01:17,27.5,76.8
2026-01-28 00:06:17,27.5,76.1
2026-01-28 00:11:17,27.5,76.5
2026-01-28 00:16:17,27.5,76.6
2026-01-28 00:21:17,27.5,75.7
2026-01-28 00:26:17,27.5,75.4
2026-01-28 00:31:17,27.5,76.0
2026-01-28 00:36:17,27.5,76.0
2026-01-28 00:41:17,27.5,76.1
2026-01-28 00:46:17,27.5,76.1
2026-01-28 00:51:17,27.5,75.8
2026-01-28 00:56:17,27.5,75.6
2026-01-28 01:01:17,27.5,76.1
2026-01-28 01:06:17,27.5,76.2
2026-01-28 01:11:17,27.5,76.1
2026-01-28 01:16:17,27.4,76.2
2026-01-28 01:21:17,27.4,76.2
2026-01-28 01:26:17,27.4,75.7
2026-01-28 01:31:17,27.4,75.6
2026-01-28 01:36:17,27.4,75.4
2026-01-28 01:41:17,27.4,75.5
2026-01-28 01:46:17,27.4,75.7
2026-01-28 01:51:17,27.4,75.8
2026-01-28 01:56:17,27.4,75.8
2026-01-28 02:01:17,27.4,75.8
2026-01-28 02:06:17,27.4,75.7
2026-01-28 02:11:17,27.4,75.6
2026-01-28 02:16:17,27.4,75.6
2026-01-28 02:21:17,27.4,75.6
2026-01-28 02:26:17,27.4,75.6
2026-01-28 02:31:17,27.4,75.4
2026-01-28 02:36:17,27.4,75.3
2026-01-28 02:41:17,27.3,75.1
2026-01-28 02:46:17,27.3,75.1
2026-01-28 02:51:17,27.3,74.8
2026-01-28 02:56:17,27.4,74.7
2026-01-28 03:01:17,27.3,74.7
2026-01-28 03:06:17,27.3,74.6
2026-01-28 03:11:17,27.3,74.4
2026-01-28 03:16:17,27.3,74.4
2026-01-28 03:21:17,27.3,74.5
2026-01-28 03:26:17,27.3,74.3
2026-01-28 03:31:17,27.3,74.2
2026-01-28 03:36:17,27.3,74.2
2026-01-28 03:41:17,27.3,74.2
2026-01-28 03:46:17,27.3,74.2
2026-01-28 03:51:17,27.3,74.2
2026-01-28 03:56:17,27.3,74.3
2026-01-28 04:01:17,27.3,74.2
2026-01-28 04:06:17,27.3,74.2
2026-01-28 04:11:17,27.3,74.1
2026-01-28 04:16:17,27.3,74.2
2026-01-28 04:21:17,27.3,74.3
2026-01-28 04:26:17,27.3,74.3
2026-01-28 04:31:17,27.3,74.5
2026-01-28 04:36:17,27.2,74.5
2026-01-28 04:41:17,27.2,74.3
2026-01-28 04:46:17,27.2,74.4
2026-01-28 04:51:17,27.2,74.5
2026-01-28 04:56:17,27.2,74.5
2026-01-28 05:01:17,27.2,74.6
2026-01-28 05:06:17,27.2,74.7
2026-01-28 05:11:17,27.2,74.6
2026-01-28 05:16:17,27.2,74.5
2026-01-28 05:21:17,27.2,74.5
2026-01-28 05:26:17,27.2,74.4
2026-01-28 05:31:17,27.2,74.4
2026-01-28 05:36:17,27.2,74.5
2026-01-28 05:41:17,27.2,74.7
2026-01-28 05:46:17,27.2,74.7
2026-01-28 05:51:17,27.2,74.7
2026-01-28 05:56:17,27.2,74.8
2026-01-28 06:01:17,27.2,74.9
2026-01-28 06:06:17,27.2,74.7
2026-01-28 06:11:17,27.2,74.8
2026-01-28 06:16:17,27.2,74.8
2026-01-28 06:21:17,27.2,74.8
2026-01-28 06:26:17,27.2,74.8
2026-01-28 06:31:17,27.2,74.8
2026-01-28 06:36:17,27.2,74.7
2026-01-28 06:41:17,27.2,74.8
2026-01-28 06:46:17,27.2,74.9
2026-01-28 06:51:17,27.2,74.8
2026-01-28 06:56:17,27.2,75.0
2026-01-28 07:01:17,27.2,74.9
2026-01-28 07:06:17,27.1,74.9
2026-01-28 07:11:17,27.1,75.0
2026-01-28 07:16:17,27.2,75.1
2026-01-28 07:21:17,27.2,75.4
2026-01-28 07:26:17,27.2,75.8
2026-01-28 07:31:17,27.1,75.8
2026-01-28 07:36:17,27.2,76.0
2026-01-28 07:41:17,27.2,76.0
2026-01-28 07:46:17,27.2,75.7
2026-01-28 07:51:17,27.2,76.6
2026-01-28 07:56:17,27.2,75.5
2026-01-28 08:01:17,27.3,76.3
2026-01-28 08:06:17,27.3,76.3
2026-01-28 08:11:17,27.3,76.3
2026-01-28 08:16:17,27.3,76.5
2026-01-28 08:21:17,27.3,76.1
2026-01-28 08:26:17,27.3,76.2
2026-01-28 08:31:17,27.3,75.6
2026-01-28 08:36:17,27.3,75.8
2026-01-28 08:41:17,27.3,76.3
2026-01-28 08:46:17,27.3,76.8
2026-01-28 08:51:17,27.3,76.4
2026-01-28 08:56:17,27.3,76.0
2026-01-28 09:01:17,27.3,75.2
2026-01-28 09:06:17,27.3,76.3
2026-01-28 09:11:17,27.3,76.6
2026-01-28 09:16:17,27.3,76.1
2026-01-28 09:21:17,27.3,76.1
2026-01-28 09:26:17,27.3,76.2
2026-01-28 09:31:17,27.3,75.9
2026-01-28 09:36:17,27.3,76.2
2026-01-28 09:41:17,27.3,76.2
2026-01-28 09:46:17,27.3,75.7
2026-01-28 09:51:17,27.3,76.1
2026-01-28 09:56:17,27.3,76.2
2026-01-28 10:01:17,27.4,76.2
2026-01-28 10:06:17,27.4,75.8
2026-01-28 10:11:17,27.4,76.7
2026-01-28 10:16:17,27.4,76.8
2026-01-28 10:21:17,27.4,77.2
2026-01-28 10:26:17,27.5,76.5
2026-01-28 10:31:17,27.5,75.9
2026-01-28 10:36:17,27.4,75.8
2026-01-28 10:41:17,27.5,76.2
2026-01-28 10:46:17,27.4,75.4
2026-01-28 10:51:17,27.5,74.3
2026-01-28 10:56:17,27.5,73.5
2026-01-28 11:01:17,27.4,72.4
2026-01-28 11:06:17,27.5,71.6
2026-01-28 11:11:17,27.5,71.8
2026-01-28 11:16:17,27.5,71.9
2026-01-28 11:21:17,27.6,71.9
2026-01-28 11:26:17,27.5,72.4
2026-01-28 11:31:17,27.5,72.0
2026-01-28 11:36:17,27.5,72.0
2026-01-28 11:41:17,27.5,71.6
2026-01-28 11:46:17,27.5,72.7
2026-01-28 11:51:17,27.6,73.2
2026-01-28 11:56:17,27.5,73.5
2026-01-28 12:01:17,27.5,73.9
2026-01-28 12:06:17,27.5,74.1
2026-01-28 12:11:17,27.5,74.2
2026-01-28 12:16:17,27.5,74.4
2026-01-28 12:21:17,27.5,74.5
2026-01-28 12:26:17,27.5,74.7
2026-01-28 12:31:17,27.5,74.8
2026-01-28 12:36:17,27.5,74.6
2026-01-28 12:41:17,27.5,74.9
2026-01-28 12:46:17,27.5,75.0
2026-01-28 12:51:17,27.5,75.1
2026-01-28 12:56:17,27.5,74.9
2026-01-28 13:01:17,27.6,74.9
2026-01-28 13:06:17,27.6,74.4
2026-01-28 13:11:17,27.6,74.4
2026-01-28 13:16:17,27.6,74.0
2026-01-28 13:21:17,27.6,73.7
2026-01-28 13:26:17,27.6,73.6
2026-01-28 13:31:17,27.6,73.7
2026-01-28 13:36:17,27.6,73.7
2026-01-28 13:41:17,27.6,73.2
2026-01-28 13:46:17,27.6,73.1
2026-01-28 13:51:17,27.6,73.1
2026-01-28 13:56:17,27.6,73.2
2026-01-28 14:01:17,27.6,73.1
2026-01-28 14:06:17,27.6,73.0
2026-01-28 14:11:17,27.7,70.5
2026-01-28 14:16:17,27.7,71.0
2026-01-28 14:21:17,27.6,72.3
2026-01-28 14:26:17,27.6,72.7
2026-01-28 14:31:17,27.6,72.5
2026-01-28 14:36:17,27.6,72.3
2026-01-28 14:41:17,27.6,72.5
2026-01-28 14:46:17,27.6,72.5
2026-01-28 14:51:17,27.6,72.2
2026-01-28 14:56:17,27.6,71.8
2026-01-28 15:01:17,27.6,73.0
2026-01-28 15:06:17,27.6,74.5
2026-01-28 15:11:17,27.6,74.4
2026-01-28 15:16:17,27.6,74.6
2026-01-28 15:21:17,27.6,74.7
2026-01-28 15:26:17,27.6,74.6
2026-01-28 15:31:17,27.6,74.5
2026-01-28 15:36:17,27.6,73.7
2026-01-28 15:41:17,27.6,73.9
2026-01-28 15:46:17,27.6,73.8
2026-01-28 15:51:17,27.5,73.8
2026-01-28 15:56:17,27.6,73.6
2026-01-28 16:01:17,27.5,73.6
2026-01-28 16:06:17,27.5,73.6
2026-01-28 16:11:17,27.6,73.3
2026-01-28 16:16:17,27.6,72.9
2026-01-28 16:21:17,27.5,73.1
2026-01-28 16:26:17,27.5,73.3
2026-01-28 16:31:17,27.5,72.9
2026-01-28 16:36:17,27.5,72.1
2026-01-28 16:41:17,27.5,71.2
2026-01-28 16:46:17,27.5,71.1
2026-01-28 16:51:17,27.5,70.7
2026-01-28 16:56:17,27.5,70.8
2026-01-28 17:01:17,27.5,70.8
2026-01-28 17:06:17,27.8,65.7
2026-01-28 17:11:17,27.5,71.1
2026-01-28 17:16:17,27.5,71.0
2026-01-28 17:21:17,27.5,70.9
2026-01-28 17:26:17,27.5,70.9
2026-01-28 17:31:17,27.5,70.9
2026-01-28 17:36:17,27.5,70.9
2026-01-28 17:41:17,27.5,70.8
2026-01-28 17:46:17,27.5,70.3
2026-01-28 17:51:17,27.5,70.3
2026-01-28 17:56:17,27.5,70.1
2026-01-28 18:01:17,27.5,70.2
2026-01-28 18:06:17,27.5,70.3
2026-01-28 18:11:17,27.5,70.0
2026-01-28 18:16:17,27.5,69.9
2026-01-28 18:21:17,27.5,70.0
2026-01-28 18:26:17,27.5,70.0
2026-01-28 18:31:17,27.5,69.7
2026-01-28 18:36:17,27.5,69.5
2026-01-28 18:41:17,27.4,68.8
2026-01-28 18:46:17,27.5,68.6
2026-01-28 18:51:17,27.5,68.7
2026-01-28 18:56:17,27.5,68.7
2026-01-28 19:01:17,27.5,68.8
2026-01-28 19:06:17,27.5,68.5
2026-01-28 19:11:17,27.5,68.6
2026-01-28 19:16:17,27.5,68.6
2026-01-28 19:21:17,27.5,68.8
2026-01-28 19:26:17,27.5,69.0
2026-01-28 19:31:17,27.5,69.2
2026-01-28 19:36:17,27.5,69.1
2026-01-28 19:41:17,27.5,69.0
2026-01-28 19:46:17,27.5,68.7
2026-01-28 19:51:17,27.5,68.5
2026-01-28 19:56:17,27.5,68.5
2026-01-28 20:01:17,27.5,68.6
2026-01-28 20:06:17,27.5,68.5
2026-01-28 20:11:17,27.5,68.5
2026-01-28 20:16:17,27.5,68.5
2026-01-28 20:21:17,27.5,68.6
2026-01-28 20:26:17,27.5,68.6
2026-01-28 20:31:17,27.5,68.7
2026-01-28 20:36:17,27.5,68.9
2026-01-28 20:41:17,27.5,69.0
2026-01-28 20:46:17,27.4,69.2
2026-01-28 20:51:17,27.5,69.3
2026-01-28 20:56:17,27.5,69.4
2026-01-28 21:01:17,27.5,69.4
2026-01-28 21:06:17,27.5,69.5
2026-01-28 21:11:17,27.5,69.6
2026-01-28 21:16:17,27.5,69.6
2026-01-28 21:21:17,27.5,70.0
2026-01-28 21:26:17,27.5,70.1
2026-01-28 21:31:17,27.5,70.3
2026-01-28 21:36:17,27.5,70.5
2026-01-28 21:41:17,27.5,70.5
2026-01-28 21:46:17,27.5,70.4
2026-01-28 21:51:17,27.5,70.8
2026-01-28 21:56:17,27.5,70.5
2026-01-28 22:01:17,27.5,70.6
2026-01-28 22:06:17,27.5,70.5
2026-01-28 22:11:17,27.5,70.4
2026-01-28 22:16:17,27.5,70.2
2026-01-28 22:21:17,27.5,70.3
2026-01-28 22:26:17,27.4,70.2
2026-01-28 22:31:17,27.5,70.6
2026-01-28 22:36:17,27.4,70.5
2026-01-28 22:41:17,27.4,70.7
2026-01-28 22:46:17,27.4,70.9
2026-01-28 22:51:17,27.4,70.6
2026-01-28 22:56:17,27.4,70.7
2026-01-28 23:01:17,27.4,70.8
2026-01-28 23:06:17,27.5,70.8
2026-01-28 23:11:17,27.4,70.7
2026-01-28 23:16:17,27.4,70.4
2026-01-28 23:21:17,27.4,70.8
2026-01-28 23:26:17,27.4,70.4
2026-01-28 23:31:17,27.4,70.2
2026-01-28 23:36:17,27.4,70.7
2026-01-28 23:41:17,27.4,70.4
2026-01-28 23:46:17,27.4,70.2
2026-01-28 23:51:17,27.4,70.5
2026-01-28 23:56:17,27.4,69.9
2026-01-29 00:01:17,27.4,70.0
2026-01-29 00:06:17,27.4,70.2
2026-01-29 00:11:17,27.4,69.9
2026-01-29 00:16:17,27.4,70.0
2026-01-29 00:21:17,27.4,69.9
2026-01-29 00:26:17,27.4,69.8
2026-01-29 00:31:17,27.4,69.8
2026-01-29 00:36:17,27.4,69.7
2026-01-29 00:41:17,27.4,69.7
2026-01-29 00:46:17,27.4,69.8
2026-01-29 00:51:17,27.4,69.9
2026-01-29 00:56:17,27.4,69.8
2026-01-29 01:01:17,27.4,70.0
2026-01-29 01:06:17,27.4,69.9
2026-01-29 01:11:17,27.4,70.0
2026-01-29 01:16:17,27.4,70.4
2026-01-29 01:21:17,27.4,69.8
2026-01-29 01:26:17,27.4,69.5
2026-01-29 01:31:17,27.4,68.9
2026-01-29 01:36:17,27.3,69.4
2026-01-29 01:41:17,27.4,69.1
2026-01-29 01:46:17,27.4,67.9
2026-01-29 01:51:17,27.4,67.8
2026-01-29 01:56:17,27.3,68.2
2026-01-29 02:01:17,27.4,67.8
2026-01-29 02:06:17,27.3,67.6
2026-01-29 02:11:17,27.3,68.3
2026-01-29 02:16:17,27.3,68.4
2026-01-29 02:21:17,27.3,67.7
2026-01-29 02:26:17,27.3,67.4
2026-01-29 02:31:17,27.3,68.1
2026-01-29 02:36:17,27.3,67.9
2026-01-29 02:41:17,27.3,67.0
2026-01-29 02:46:17,27.3,67.4
2026-01-29 02:51:17,27.3,66.9
2026-01-29 02:56:17,27.3,66.3
2026-01-29 03:01:17,27.3,66.3
2026-01-29 03:06:17,27.3,67.5
2026-01-29 03:11:17,27.3,66.4
2026-01-29 03:16:17,27.3,66.4
2026-01-29 03:21:17,27.3,65.9
2026-01-29 03:26:17,27.3,65.9
2026-01-29 03:31:17,27.3,65.9
2026-01-29 03:36:17,27.2,65.8
2026-01-29 03:41:17,27.2,66.0
2026-01-29 03:46:17,27.2,65.8
2026-01-29 03:51:17,27.2,65.6
2026-01-29 03:56:17,27.2,65.6
2026-01-29 04:01:17,27.2,65.6
2026-01-29 04:06:17,27.2,65.6
2026-01-29 04:11:17,27.2,65.5
2026-01-29 04:16:17,27.2,65.4
2026-01-29 04:21:17,27.1,65.4
2026-01-29 04:26:17,27.1,65.4
2026-01-29 04:31:17,27.1,65.4
2026-01-29 04:36:17,27.1,65.6
2026-01-29 04:41:17,27.1,65.7
2026-01-29 04:46:17,27.1,65.8
2026-01-29 04:51:17,27.1,65.8
2026-01-29 04:56:17,27.1,65.7
2026-01-29 05:01:17,27.1,65.7
2026-01-29 05:06:17,27.1,65.6
2026-01-29 05:11:17,27.1,65.7
2026-01-29 05:16:17,27.1,65.8
2026-01-29 05:21:17,27.1,66.0
2026-01-29 05:26:17,27.1,66.1
2026-01-29 05:31:17,27.1,66.1
2026-01-29 05:36:17,27.1,66.0
2026-01-29 05:41:17,27.1,66.0
2026-01-29 05:46:17,27.0,65.8
2026-01-29 05:51:17,27.0,66.0
2026-01-29 05:56:17,27.0,66.0
2026-01-29 06:01:17,27.0,65.9
2026-01-29 06:06:17,27.0,65.9
2026-01-29 06:11:17,27.0,65.9
2026-01-29 06:16:17,27.0,66.1
2026-01-29 06:21:17,27.0,66.4
2026-01-29 06:26:17,27.0,66.6
2026-01-29 06:31:17,27.0,66.7
2026-01-29 06:36:17,27.0,66.8
2026-01-29 06:41:17,27.0,67.0
2026-01-29 06:46:17,27.0,67.1
2026-01-29 06:51:17,27.0,67.2
2026-01-29 06:56:17,27.0,67.3
2026-01-29 07:01:17,27.0,67.3
2026-01-29 07:06:17,27.0,67.5
2026-01-29 07:11:17,27.0,67.6
2026-01-29 07:16:17,27.0,67.9
2026-01-29 07:21:17,27.0,67.9
2026-01-29 07:26:17,27.1,68.0
2026-01-29 07:31:17,27.1,68.5
2026-01-29 07:36:17,27.1,68.3
2026-01-29 07:41:17,27.1,69.0
2026-01-29 07:46:17,27.8,63.8
2026-01-29 07:51:17,27.8,63.6
2026-01-29 07:56:17,27.8,63.6
2026-01-29 08:01:17,27.8,63.9
2026-01-29 08:06:17,27.8,64.0
2026-01-29 08:11:17,27.8,64.0
2026-01-29 08:16:17,27.8,64.0
2026-01-29 08:21:17,27.8,64.2
2026-01-29 08:26:17,27.8,64.1
2026-01-29 08:31:17,27.8,64.1
2026-01-29 08:36:17,27.8,63.7
2026-01-29 08:41:17,27.5,63.7
2026-01-29 08:46:17,27.5,63.7
2026-01-29 08:51:17,27.5,62.7
2026-01-29 08:56:17,27.5,62.2
2026-01-29 09:01:17,27.5,62.4
2026-01-29 09:06:17,27.5,62.3
2026-01-29 09:11:17,27.5,62.3
2026-01-29 09:16:17,27.3,62.3
2026-01-29 09:21:17,27.3,62.7
2026-01-29 09:26:17,27.2,62.8
2026-01-29 09:31:17,27.2,62.8
2026-01-29 09:36:17,27.2,63.2
2026-01-29 09:41:17,27.2,64.0
2026-01-29 09:46:17,27.2,64.0
2026-01-29 09:51:17,27.2,65.5
2026-01-29 09:56:17,27.2,66.1
2026-01-29 10:01:17,27.2,66.1
2026-01-29 10:06:17,27.2,67.7
2026-01-29 10:11:17,27.2,68.5
2026-01-29 10:16:17,27.2,69.3
2026-01-29 10:21:17,27.2,69.8
2026-01-29 10:26:17,27.2,70.1
2026-01-29 10:31:17,27.2,70.1
2026-01-29 10:36:17,27.2,70.1
2026-01-29 10:41:17,27.2,69.9
2026-01-29 10:46:17,27.2,69.7
2026-01-29 10:51:17,27.2,69.6
2026-01-29 10:56:17,27.2,69.3
2026-01-29 11:01:17,27.2,69.2
2026-01-29 11:06:17,27.2,68.9
2026-01-29 11:11:17,27.2,68.9
2026-01-29 11:16:17,27.2,68.8
2026-01-29 11:21:17,27.2,68.8
2026-01-29 11:26:17,27.2,69.1
2026-01-29 11:31:17,27.2,69.7
2026-01-29 11:36:17,27.2,69.7
2026-01-29 11:41:17,27.2,70.4
2026-01-29 11:46:17,27.2,70.4
2026-01-29 11:51:17,27.2,70.3
2026-01-29 11:56:17,27.2,70.2
2026-01-29 12:01:17,27.2,69.9
2026-01-29 12:06:17,27.2,70.5
2026-01-29 12:11:17,27.2,70.5
2026-01-29 12:16:17,27.2,70.8
2026-01-29 12:21:17,27.2,71.3
2026-01-29 12:26:17,27.2,71.3
2026-01-29 12:31:17,27.2,72.4
2026-01-29 12:36:17,27.2,72.4
2026-01-29 12:41:17,27.2,72.4
2026-01-29 12:46:17,27.2,72.4
2026-01-29 12:51:17,27.2,72.4
2026-01-29 12:56:17,27.2,75.9
2026-01-29 13:01:17,27.2,76.9
2026-01-29 13:06:17,27.2,77.5
2026-01-29 13:11:17,27.2,78.6
2026-01-29 13:16:17,27.2,79.3
2026-01-29 13:21:17,27.2,79.8
2026-01-29 13:26:17,27.2,79.8
2026-01-29 13:31:17,27.2,79.7
2026-01-29 13:36:17,27.2,79.2
2026-01-29 13:41:17,27.2,79.2
2026-01-29 13:46:17,27.2,78.1
2026-01-29 13:51:17,27.2,77.7
2026-01-29 13:56:17,27.2,77.2
2026-01-29 14:01:17,27.2,77.2
2026-01-29 14:06:17,27.2,76.1
2026-01-29 14:11:17,27.2,75.8
2026-01-29 14:16:17,27.2,75.1
2026-01-29 14:21:17,27.3,75.1
2026-01-29 14:26:17,27.2,73.0
2026-01-29 14:31:17,27.2,72.0
2026-01-29 14:36:17,27.2,71.1
2026-01-29 14:41:17,27.2,70.0
2026-01-29 14:46:17,27.3,69.4
2026-01-29 14:51:17,27.3,69.2
2026-01-29 14:56:17,27.3,68.8
2026-01-29 15:01:17,27.2,68.8
2026-01-29 15:06:17,27.2,68.9
2026-01-29 15:11:17,27.3,69.1
2026-01-29 15:16:17,27.3,68.8
2026-01-29 15:21:17,27.3,68.5
2026-01-29 15:26:17,27.3,67.8
2026-01-29 15:31:17,27.2,67.1
2026-01-29 15:36:17,27.2,66.1
2026-01-29 15:41:17,27.2,65.3
2026-01-29 15:46:17,27.2,64.4
2026-01-29 15:51:17,27.3,63.7
2026-01-29 15:56:17,27.3,63.7
2026-01-29 16:01:17,27.2,62.8
2026-01-29 16:06:17,27.2,62.3
2026-01-29 16:11:17,27.2,61.4
2026-01-29 16:16:17,27.2,60.9
2026-01-29 16:21:17,27.2,60.5
2026-01-29 16:26:17,27.2,59.8
2026-01-29 16:31:17,27.2,59.6
2026-01-29 16:36:17,27.2,59.1
2026-01-29 16:41:17,27.3,59.1
2026-01-29 16:46:17,27.2,58.4
2026-01-29 16:51:17,27.2,57.9
2026-01-29 16:56:17,27.2,57.5
2026-01-29 17:01:17,27.3,57.3
2026-01-29 17:06:17,27.2,57.2
2026-01-29 17:11:17,27.2,57.3
2026-01-29 17:16:17,27.2,57.9
2026-01-29 17:21:17,27.2,58.8
2026-01-29 17:26:17,27.2,58.8
2026-01-29 17:31:17,27.3,60.6
2026-01-29 17:36:17,27.3,61.8
2026-01-29 17:41:17,27.3,61.8
2026-01-29 17:46:17,27.3,63.0
2026-01-29 17:51:17,27.3,63.0
2026-01-29 17:56:17,27.2,63.6
2026-01-29 18:01:17,27.3,64.0
2026-01-29 18:06:17,27.3,64.6
2026-01-29 18:11:17,27.3,65.0
2026-01-29 18:16:17,27.3,65.1
2026-01-29 18:21:17,27.3,65.2
2026-01-29 18:26:17,27.2,65.1
2026-01-29 18:31:17,27.3,64.7
2026-01-29 18:36:17,27.3,64.2
2026-01-29 18:41:17,27.3,64.2
2026-01-29 18:46:17,27.3,63.6
2026-01-29 18:51:17,27.3,63.6
2026-01-29 18:56:17,27.2,63.5
2026-01-29 19:01:17,27.2,63.4
2026-01-29 19:06:17,27.2,63.2
2026-01-29 19:11:17,27.2,62.8
2026-01-29 19:16:17,27.2,62.5
2026-01-29 19:21:17,27.2,62.5
2026-01-29 19:26:17,27.2,62.5
2026-01-29 19:31:17,27.2,60.0
2026-01-29 19:36:17,27.2,60.0
2026-01-29 19:41:17,27.2,60.8
2026-01-29 19:46:17,27.2,61.8
2026-01-29 19:51:17,27.2,62.7
2026-01-29 19:56:17,27.2,62.7
2026-01-29 20:01:17,27.2,64.8
2026-01-29 20:06:17,27.2,65.7
2026-01-29 20:11:17,27.2,65.7
2026-01-29 20:16:17,27.2,67.2
2026-01-29 20:21:17,27.2,67.5
2026-01-29 20:26:17,27.2,67.5
2026-01-29 20:31:17,27.2,67.4
2026-01-29 20:36:17,27.2,67.3
2026-01-29 20:41:17,27.2,67.2
2026-01-29 20:46:17,27.2,67.2
2026-01-29 20:51:17,27.2,66.8
2026-01-29 20:56:17,27.2,66.4
2026-01-29 21:01:17,27.2,66.4
2026-01-29 21:06:17,27.2,65.5
2026-01-29 21:11:17,27.2,65.0
2026-01-29 21:16:17,27.2,65.0
2026-01-29 21:21:17,27.2,64.4
2026-01-29 21:26:17,27.2,64.5
2026-01-29 21:31:17,27.2,65.3
2026-01-29 21:36:17,27.2,65.3
2026-01-29 21:41:17,27.2,66.8
2026-01-29 21:46:17,27.2,67.2
2026-01-29 21:51:17,27.2,67.7
2026-01-29 21:56:17,27.2,67.9
2026-01-29 22:01:17,27.2,67.9
2026-01-29 22:06:17,27.2,67.9
2026-01-29 22:11:17,27.2,67.9
2026-01-29 22:16:17,27.2,67.8
2026-01-29 22:21:17,27.2,67.7
2026-01-29 22:26:17,27.2,67.7
2026-01-29 22:31:17,27.2,67.6
2026-01-29 22:36:17,27.2,67.4
2026-01-29 22:41:17,27.2,67.1
2026-01-29 22:46:17,27.2,66.6
2026-01-29 22:51:17,27.2,66.6
2026-01-29 22:56:17,27.2,65.6
2026-01-29 23:01:17,27.2,65.2
2026-01-29 23:06:17,27.2,65.1
2026-01-29 23:11:17,27.2,65.1
2026-01-29 23:16:17,27.2,65.8
2026-01-29 23:21:17,27.2,65.8
2026-01-29 23:26:17,27.2,67.9
2026-01-29 23:31:17,27.2,69.0
2026-01-29 23:36:17,27.2,69.9
2026-01-29 23:41:17,27.2,70.2
2026-01-29 23:46:17,27.2,70.2
2026-01-29 23:51:17,27.2,70.2
2026-01-29 23:56:17,27.2,69.9
2026-01-30 00:01:17,27.2,69.8
2026-01-30 00:06:17,27.2,69.7
2026-01-30 00:11:17,27.2,69.9
2026-01-30 00:16:17,27.2,70.0
2026-01-30 00:21:17,27.2,70.0
2026-01-30 00:26:17,27.2,69.2
2026-01-30 00:31:17,27.2,69.0
2026-01-30 00:36:17,27.2,69.0
2026-01-30 00:41:17,27.2,69.0
2026-01-30 00:46:17,27.2,67.0
2026-01-30 00:51:17,27.2,67.0
2026-01-30 00:56:17,27.2,66.7
2026-01-30 01:01:17,27.2,66.7
2026-01-30 01:06:17,27.2,65.9
2026-01-30 01:11:17,27.2,65.3
2026-01-30 01:16:17,27.2,65.0
2026-01-30 01:21:17,27.2,64.8
2026-01-30 01:26:17,27.3,64.8
2026-01-30 01:31:17,27.3,64.8
2026-01-30 01:36:17,27.2,64.8
2026-01-30 01:41:17,27.3,64.8
2026-01-30 01:46:17,27.3,64.3
2026-01-30 01:51:17,27.2,63.3
2026-01-30 01:56:17,27.2,62.3
2026-01-30 02:01:17,27.3,61.3
2026-01-30 02:06:17,27.4,61.3
2026-01-30 02:11:17,27.4,61.3
2026-01-30 02:16:17,27.5,59.2
2026-01-30 02:21:17,27.4,59.2
2026-01-30 02:26:17,27.5,58.8
2026-01-30 02:31:17,27.5,59.3
2026-01-30 02:36:17,27.6,59.4
2026-01-30 02:41:17,27.6,59.5
2026-01-30 02:46:17,27.5,59.9
2026-01-30 02:51:17,27.5,59.9
2026-01-30 02:56:17,27.6,60.6
2026-01-30 03:01:17,27.5,60.6
2026-01-30 03:06:17,27.6,60.9
2026-01-30 03:11:17,27.6,60.9
2026-01-30 03:16:17,27.5,61.1
2026-01-30 03:21:17,27.5,61.5
2026-01-30 03:26:17,27.5,61.5
2026-01-30 03:31:17,27.5,61.5
2026-01-30 03:36:17,27.4,61.5
2026-01-30 03:41:17,27.4,62.7
2026-01-30 03:46:17,27.4,63.1
2026-01-30 03:51:17,27.4,62.9
2026-01-30 03:56:17,27.3,62.6
2026-01-30 04:01:17,27.3,62.6
2026-01-30 04:06:17,27.3,62.8
2026-01-30 04:11:17,27.3,63.4
2026-01-30 04:16:17,27.2,64.1
2026-01-30 04:21:17,27.3,64.9
2026-01-30 04:26:17,27.3,65.7
2026-01-30 04:31:17,27.3,65.7
2026-01-30 04:36:17,27.3,65.6
2026-01-30 04:41:17,27.3,65.6
2026-01-30 04:46:17,27.2,65.1
2026-01-30 04:51:17,27.3,65.0
2026-01-30 04:56:17,27.3,65.3
2026-01-30 05:01:17,27.3,65.8
2026-01-30 05:06:17,27.2,66.4
2026-01-30 05:11:17,27.3,67.5
2026-01-30 05:16:17,27.3,68.4
2026-01-30 05:21:17,27.2,69.5
2026-01-30 05:26:17,27.3,70.1
2026-01-30 05:31:17,27.2,70.2
2026-01-30 05:36:17,27.2,70.1
2026-01-30 05:41:17,27.2,70.1
2026-01-30 05:46:17,27.3,69.8
2026-01-30 05:51:17,27.2,69.7
2026-01-30 05:56:17,27.2,69.7
2026-01-30 06:01:17,27.2,69.9
2026-01-30 06:06:17,27.2,69.9
2026-01-30 06:11:17,27.2,69.9
2026-01-30 06:16:17,27.2,69.6
2026-01-30 06:21:17,27.2,69.1
2026-01-30 06:26:17,27.2,69.1
2026-01-30 06:31:17,27.2,67.8
2026-01-30 06:36:17,27.2,67.2
2026-01-30 06:41:17,27.2,67.2
2026-01-30 06:46:17,27.2,66.1
2026-01-30 06:51:17,27.3,65.6
2026-01-30 06:56:17,27.2,64.9
2026-01-30 07:01:17,27.2,64.9
2026-01-30 07:06:17,27.3,64.0
2026-01-30 07:11:17,27.3,63.9
2026-01-30 07:16:17,27.3,64.4
2026-01-30 07:21:17,27.3,65.5
2026-01-30 07:26:17,27.3,66.1
2026-01-30 07:31:17,27.3,66.6
2026-01-30 07:36:17,27.3,67.0
2026-01-30 07:41:17,27.2,66.8
2026-01-30 07:46:17,27.2,66.7
2026-01-30 07:51:17,27.2,66.8
2026-01-30 07:56:17,27.2,66.9
2026-01-30 08:01:17,27.2,67.3
2026-01-30 08:06:17,27.2,67.3
2026-01-30 08:11:17,27.2,67.8
2026-01-30 08:16:17,27.2,68.0
2026-01-30 08:21:17,27.2,68.0
2026-01-30 08:26:17,27.2,67.7
2026-01-30 08:31:17,27.2,67.6
2026-01-30 08:36:17,27.2,66.8
2026-01-30 08:41:17,27.2,67.0
2026-01-30 08:46:17,27.2,66.7
2026-01-30 08:51:17,27.2,66.7
2026-01-30 08:56:17,27.2,66.7
2026-01-30 09:01:17,27.2,66.9
2026-01-30 09:06:17,27.2,66.8
2026-01-30 09:11:17,27.2,67.0
2026-01-30 09:16:17,27.2,67.4
2026-01-30 09:21:17,27.2,68.4
2026-01-30 09:26:17,27.2,69.5
2026-01-30 09:31:17,27.2,69.5
2026-01-30 09:36:17,27.2,71.9
2026-01-30 09:41:17,27.2,71.9
2026-01-30 09:46:17,27.2,73.4
2026-01-30 09:51:17,27.2,73.8
2026-01-30 09:56:17,27.2,74.3
2026-01-30 10:01:17,27.2,74.3
2026-01-30 10:06:17,27.2,75.3
2026-01-30 10:11:17,27.2,75.3
2026-01-30 10:16:17,27.2,76.8
2026-01-30 10:21:17,27.2,77.7
2026-01-30 10:26:17,27.2,78.3
2026-01-30 10:31:17,27.2,78.5
2026-01-30 10:36:17,27.2,78.5
2026-01-30 10:41:17,27.2,78.2
2026-01-30 10:46:17,27.2,78.0
2026-01-30 10:51:17,27.3,77.6
2026-01-30 10:56:17,27.3,77.8
2026-01-30 11:01:17,27.4,78.1
2026-01-30 11:06:17,27.4,78.9
2026-01-30 11:11:17,27.4,79.7
2026-01-30 11:16:17,27.4,79.7
2026-01-30 11:21:17,27.4,79.7
2026-01-30 11:26:17,27.5,80.6
2026-01-30 11:31:17,27.5,80.4
2026-01-30 11:36:17,27.6,79.9
2026-01-30 11:41:17,27.5,79.8
2026-01-30 11:46:17,27.5,80.1
2026-01-30 11:51:17,27.6,80.3
2026-01-30 11:56:17,27.6,81.1
2026-01-30 12:01:17,27.5,81.7
2026-01-30 12:06:17,27.5,82.2
2026-01-30 12:11:17,27.5,82.6
2026-01-30 12:16:17,27.5,82.8
2026-01-30 12:21:17,27.5,82.8
2026-01-30 12:26:17,27.5,82.7
2026-01-30 12:31:17,27.3,82.0
2026-01-30 12:36:17,27.2,81.2
2026-01-30 12:41:17,27.2,81.2
2026-01-30 12:46:17,27.2,79.8
2026-01-30 12:51:17,27.2,79.3
2026-01-30 12:56:17,27.2,79.3
2026-01-30 13:01:17,27.2,78.3
2026-01-30 13:06:17,27.2,78.0
2026-01-30 13:11:17,27.2,77.8
2026-01-30 13:16:17,27.2,77.8
2026-01-30 13:21:17,27.2,78.1
2026-01-30 13:26:17,27.2,78.6
2026-01-30 13:31:17,27.2,79.4
2026-01-30 13:36:17,27.2,80.0
2026-01-30 13:41:17,27.2,80.0
2026-01-30 13:46:17,27.2,81.3
2026-01-30 13:51:17,27.2,81.6
2026-01-30 13:56:17,27.2,81.8
2026-01-30 14:01:17,27.2,81.4
2026-01-30 14:06:17,27.2,81.4
2026-01-30 14:11:17,27.2,79.6
2026-01-30 14:16:17,27.2,78.9
2026-01-30 14:21:17,27.2,78.5
2026-01-30 14:26:17,27.2,78.5
2026-01-30 14:31:17,27.2,78.5
2026-01-30 14:36:17,27.2,78.6
2026-01-30 14:41:17,27.2,78.8
2026-01-30 14:46:17,27.2,78.9
2026-01-30 14:51:17,27.2,79.1
2026-01-30 14:56:17,27.2,79.3
2026-01-30 15:01:17,27.2,79.4
2026-01-30 15:06:17,27.2,79.4
2026-01-30 15:11:17,27.2,78.3
2026-01-30 15:16:17,27.2,77.7
2026-01-30 15:21:17,27.2,77.7
2026-01-30 15:26:17,27.2,77.7
2026-01-30 15:31:17,27.2,74.0
2026-01-30 15:36:17,27.2,72.9
2026-01-30 15:41:17,27.2,71.6
2026-01-30 15:46:17,27.2,70.7
2026-01-30 15:51:17,27.2,70.4
2026-01-30 15:56:17,27.2,70.2
2026-01-30 16:01:17,27.2,70.3
2026-01-30 16:06:17,27.2,69.9
2026-01-30 16:11:17,27.2,69.9
2026-01-30 16:16:17,27.2,68.7
2026-01-30 16:21:17,27.2,68.7
2026-01-30 16:26:17,27.2,68.6
2026-01-30 16:31:17,27.2,69.0
2026-01-30 16:36:17,27.2,69.9
2026-01-30 16:41:17,27.2,71.2
2026-01-30 16:46:17,27.2,72.5
2026-01-30 16:51:17,27.2,73.4
2026-01-30 16:56:17,27.2,73.9
2026-01-30 17:01:17,27.2,73.9
2026-01-30 17:06:17,27.2,73.5
2026-01-30 17:11:17,27.2,72.8
2026-01-30 17:16:17,27.2,72.0
2026-01-30 17:21:17,27.2,71.4
2026-01-30 17:26:17,27.2,70.7
2026-01-30 17:31:17,27.2,70.3
2026-01-30 17:36:17,27.2,70.2
2026-01-30 17:41:17,27.2,70.1
2026-01-30 17:46:17,27.2,69.7
2026-01-30 17:51:17,27.2,69.7
2026-01-30 17:56:17,27.2,69.4
2026-01-30 18:01:17,27.2,68.9
2026-01-30 18:06:17,27.2,68.9
2026-01-30 18:11:17,27.2,68.4
2026-01-30 18:16:17,27.2,68.3
2026-01-30 18:21:17,27.3,68.6
2026-01-30 18:26:17,27.3,69.1
2026-01-30 18:31:17,27.2,70.1
2026-01-30 18:36:17,27.2,70.9
2026-01-30 18:41:17,27.2,71.9
2026-01-30 18:46:17,27.3,72.8
2026-01-30 18:51:17,27.2,73.3
2026-01-30 18:56:17,27.2,74.1
2026-01-30 19:01:17,27.2,74.7
2026-01-30 19:06:17,27.2,75.1
2026-01-30 19:11:17,27.2,75.2
2026-01-30 19:16:17,27.2,75.0
2026-01-30 19:21:17,27.2,74.5
2026-01-30 19:26:17,27.2,73.9
2026-01-30 19:31:17,27.2,73.6
2026-01-30 19:36:17,27.2,72.9
2026-01-30 19:41:17,27.2,72.4
2026-01-30 19:46:17,27.2,71.9
2026-01-30 19:51:17,27.2,71.1
2026-01-30 19:56:17,27.2,71.1
2026-01-30 20:01:17,27.2,71.2
2026-01-30 20:06:17,27.2,71.2
2026-01-30 20:11:17,27.2,71.3
2026-01-30 20:16:17,27.2,70.9
2026-01-30 20:21:17,27.3,70.7
2026-01-30 20:26:17,27.2,69.9
2026-01-30 20:31:17,27.3,69.1
2026-01-30 20:36:17,27.2,68.3
2026-01-30 20:41:17,27.2,67.8
2026-01-30 20:46:17,27.2,67.7
2026-01-30 20:51:17,27.2,67.4
2026-01-30 20:56:17,27.2,67.4
2026-01-30 21:01:17,27.2,67.1
2026-01-30 21:06:17,27.2,66.6
2026-01-30 21:11:17,27.2,66.6
2026-01-30 21:16:17,27.2,65.4
2026-01-30 21:21:17,27.2,65.2
2026-01-30 21:26:17,27.2,65.2
2026-01-30 21:31:17,27.2,65.3
2026-01-30 21:36:17,27.2,65.9
2026-01-30 21:41:17,27.2,66.5
2026-01-30 21:46:17,27.2,66.9
2026-01-30 21:51:17,27.2,67.3
2026-01-30 21:56:17,27.2,67.8
2026-01-30 22:01:17,27.3,68.2
2026-01-30 22:06:17,27.3,68.3
2026-01-30 22:11:17,27.3,68.3
2026-01-30 22:16:17,27.3,67.9
2026-01-30 22:21:17,27.4,67.9
2026-01-30 22:26:17,27.4,67.0
2026-01-30 22:31:17,27.4,66.7
2026-01-30 22:36:17,27.4,66.5
2026-01-30 22:41:17,27.6,66.7
2026-01-30 22:46:17,27.6,67.6
2026-01-30 22:51:17,27.5,68.4
2026-01-30 22:56:17,27.5,69.7
2026-01-30 23:01:17,27.6,70.6
2026-01-30 23:06:17,27.6,71.3
2026-01-30 23:11:17,27.6,71.3
